EmployeeID,Age,Gender,MaritalStatus,Department,JobRole,EducationField,Education,JobLevel,MonthlyIncome,SalaryBand,PercentSalaryHike,StockOptionLevel,BusinessTravel,DistanceFromHome,OverTime,TotalWorkingYears,NumCompaniesWorked,YearsAtCompany,TenureBand,YearsInCurrentRole,YearsSinceLastPromotion,YearsWithCurrManager,PromotedRecently,TrainingTimesLastYear,EnvironmentSatisfaction,JobSatisfaction,RelationshipSatisfaction,JobInvolvement,WorkLifeBalance,PerformanceRating,Attrition,PredictedAttritionRisk,RiskTier
1000,42,Male,Single,Research & Development,Research Director,Technical Degree,1,4,14652,10K-15K,11,0,Travel_Rarely,29,Yes,19,1,17,10+ yr,4,0,0,Promoted <=1yr,1,3,3,4,3,4,3,Yes,0.3174,Moderate
1001,47,Male,Married,Sales,Manager,Other,2,5,18675,15K+ (High),14,0,Travel_Frequently,2,No,25,4,4,4-6 yr,0,3,1,Not Recently Promoted,2,2,3,1,3,2,4,No,0.3214,Moderate
1002,23,Male,Single,Sales,Manager,Life Sciences,3,1,3354,3K-6K,15,1,Travel_Rarely,6,Yes,0,3,0,0-1 yr,0,0,0,Promoted <=1yr,3,3,3,2,4,3,3,No,0.8029,Critical
1003,30,Male,Married,Research & Development,Healthcare Representative,Life Sciences,4,2,4516,3K-6K,12,0,Travel_Rarely,2,No,9,3,3,2-3 yr,1,0,0,Promoted <=1yr,4,1,4,2,4,3,3,No,0.4657,Moderate
1004,49,Male,Single,Sales,Sales Representative,Marketing,4,5,20000,15K+ (High),14,1,Travel_Rarely,14,No,28,2,0,0-1 yr,0,0,0,Promoted <=1yr,6,2,3,4,2,2,4,No,0.3725,Moderate
1005,42,Male,Married,Research & Development,Research Scientist,Other,4,5,20000,15K+ (High),19,1,Travel_Rarely,15,No,20,0,3,2-3 yr,1,3,0,Not Recently Promoted,6,1,2,2,2,4,3,No,0.2964,Moderate
1006,42,Female,Divorced,Sales,Sales Representative,Marketing,3,4,10777,10K-15K,15,2,Travel_Rarely,10,No,19,4,1,0-1 yr,0,0,1,Promoted <=1yr,6,2,2,4,3,4,4,Yes,0.4753,Moderate
1007,38,Male,Single,Research & Development,Manager,Life Sciences,3,3,7382,6K-10K,15,0,Travel_Rarely,12,No,15,2,15,10+ yr,1,3,0,Not Recently Promoted,1,1,1,4,3,3,3,No,0.7418,High
1008,29,Female,Single,Sales,Sales Executive,Other,3,2,6462,6K-10K,11,0,Travel_Rarely,4,No,8,2,2,2-3 yr,0,0,0,Promoted <=1yr,2,3,1,3,3,3,4,No,0.5253,High
1009,31,Male,Divorced,Research & Development,Laboratory Technician,Technical Degree,3,2,6624,6K-10K,20,0,Travel_Rarely,2,No,8,0,0,0-1 yr,0,0,0,Promoted <=1yr,4,2,4,1,3,4,3,No,0.3658,Moderate
1010,29,Male,Married,Sales,Manager,Marketing,3,2,5483,3K-6K,11,0,Travel_Rarely,8,No,8,4,0,0-1 yr,0,0,0,Promoted <=1yr,2,4,1,3,1,3,3,Yes,0.341,Moderate
1011,44,Male,Married,Sales,Sales Executive,Life Sciences,2,4,11016,10K-15K,14,0,Non-Travel,5,Yes,21,3,11,10+ yr,2,0,3,Promoted <=1yr,2,1,3,4,3,4,3,Yes,0.4907,Moderate
1012,41,Male,Married,Research & Development,Manager,Life Sciences,4,4,11612,10K-15K,11,0,Travel_Rarely,3,No,17,2,1,0-1 yr,1,1,1,Promoted <=1yr,2,1,2,3,3,2,3,No,0.4751,Moderate
1013,49,Male,Divorced,Research & Development,Research Director,Technical Degree,3,5,16090,15K+ (High),13,0,Travel_Rarely,24,Yes,25,6,0,0-1 yr,0,0,0,Promoted <=1yr,6,3,3,2,2,3,3,No,0.7095,High
1014,46,Male,Married,Research & Development,Manufacturing Director,Technical Degree,4,5,11959,10K-15K,11,0,Travel_Rarely,6,No,23,3,4,4-6 yr,4,4,0,Not Recently Promoted,5,3,3,3,3,2,3,Yes,0.403,Moderate
1015,44,Male,Married,Research & Development,Research Director,Life Sciences,3,5,16595,15K+ (High),17,0,Travel_Rarely,1,No,24,1,3,2-3 yr,2,1,0,Promoted <=1yr,4,3,2,3,3,1,3,No,0.2455,Low
1016,27,Male,Single,Research & Development,Laboratory Technician,Technical Degree,4,2,4234,3K-6K,15,0,Travel_Rarely,5,No,3,1,3,2-3 yr,2,2,1,Not Recently Promoted,1,1,2,2,3,4,3,No,0.4998,Moderate
1017,44,Male,Divorced,Human Resources,Manager,Other,3,4,11800,10K-15K,11,1,Travel_Rarely,1,No,20,2,9,7-10 yr,0,6,3,Not Recently Promoted,5,1,2,1,1,4,3,No,0.4966,Moderate
1018,38,Male,Single,Human Resources,Manager,Human Resources,4,4,11685,10K-15K,21,2,Travel_Rarely,7,No,16,5,7,7-10 yr,0,0,0,Promoted <=1yr,3,3,2,3,3,2,3,No,0.5887,High
1019,45,Male,Single,Research & Development,Manufacturing Director,Other,4,4,12992,10K-15K,18,1,Travel_Rarely,6,No,23,3,3,2-3 yr,1,1,2,Promoted <=1yr,2,2,4,3,3,3,4,No,0.4313,Moderate
1020,38,Male,Married,Research & Development,Healthcare Representative,Life Sciences,3,3,7772,6K-10K,17,1,Travel_Rarely,1,No,14,5,0,0-1 yr,0,0,0,Promoted <=1yr,3,4,3,3,4,3,3,No,0.3763,Moderate
1021,41,Male,Married,Sales,Sales Representative,Marketing,4,4,11529,10K-15K,23,0,Travel_Rarely,11,No,20,3,1,0-1 yr,0,1,1,Promoted <=1yr,4,3,3,3,2,2,4,No,0.4252,Moderate
1022,43,Male,Single,Sales,Manager,Other,4,4,9162,6K-10K,12,1,Travel_Frequently,10,Yes,22,4,1,0-1 yr,0,0,1,Promoted <=1yr,2,4,3,4,4,3,3,No,0.6481,High
1023,38,Female,Married,Research & Development,Manufacturing Director,Other,2,3,5935,3K-6K,11,1,Travel_Frequently,8,Yes,15,3,2,2-3 yr,0,2,1,Not Recently Promoted,3,1,1,4,4,3,3,Yes,0.8501,Critical
1024,24,Male,Single,Research & Development,Manufacturing Director,Life Sciences,3,1,3092,3K-6K,15,2,Travel_Rarely,24,No,2,1,2,2-3 yr,2,2,2,Not Recently Promoted,1,3,2,2,3,3,3,Yes,0.7548,Critical
1025,36,Male,Married,Sales,Sales Executive,Other,4,3,8004,6K-10K,11,0,Travel_Rarely,1,Yes,11,0,3,2-3 yr,0,3,3,Not Recently Promoted,4,1,3,4,3,1,3,Yes,0.7068,High
1026,31,Female,Divorced,Research & Development,Research Scientist,Other,3,2,5701,3K-6K,24,0,Non-Travel,4,No,10,5,10,7-10 yr,0,4,1,Not Recently Promoted,4,3,4,1,3,2,4,No,0.5709,High
1027,39,Female,Married,Research & Development,Research Director,Technical Degree,4,3,7265,6K-10K,12,2,Non-Travel,3,No,17,1,2,2-3 yr,2,0,2,Promoted <=1yr,3,4,4,4,2,3,3,No,0.1266,Low
1028,35,Male,Divorced,Sales,Sales Executive,Other,1,3,4916,3K-6K,11,1,Travel_Rarely,13,No,12,2,1,0-1 yr,0,1,0,Promoted <=1yr,6,3,2,4,3,3,4,No,0.5275,High
1029,30,Female,Divorced,Sales,Manager,Marketing,3,2,5227,3K-6K,19,0,Travel_Rarely,1,No,10,3,1,0-1 yr,1,1,1,Promoted <=1yr,1,1,4,4,2,3,3,No,0.4958,Moderate
1030,21,Male,Divorced,Research & Development,Manufacturing Director,Technical Degree,3,1,3496,3K-6K,11,3,Travel_Rarely,1,No,0,5,0,0-1 yr,0,0,0,Promoted <=1yr,2,3,3,3,2,4,3,No,0.4905,Moderate
1031,35,Male,Single,Research & Development,Healthcare Representative,Medical,4,4,9043,6K-10K,15,0,Travel_Rarely,12,No,12,2,3,2-3 yr,0,1,2,Promoted <=1yr,3,1,1,3,3,3,3,No,0.6923,High
1032,31,Female,Divorced,Sales,Sales Representative,Life Sciences,1,2,3809,3K-6K,15,1,Travel_Frequently,1,Yes,9,3,8,7-10 yr,1,0,8,Promoted <=1yr,2,3,4,4,3,3,3,No,0.4654,Moderate
1033,31,Female,Single,Research & Development,Laboratory Technician,Medical,5,2,4381,3K-6K,13,0,Travel_Rarely,14,No,10,5,7,7-10 yr,2,1,2,Promoted <=1yr,3,3,4,3,3,3,3,No,0.3711,Moderate
1034,29,Male,Married,Research & Development,Manufacturing Director,Technical Degree,4,2,3622,3K-6K,16,1,Travel_Rarely,5,No,7,1,4,4-6 yr,2,0,1,Promoted <=1yr,3,1,3,4,2,3,3,No,0.522,High
1035,22,Female,Married,Research & Development,Manager,Life Sciences,2,1,2584,<3K (Low),11,0,Travel_Rarely,1,No,1,4,1,0-1 yr,1,1,1,Promoted <=1yr,4,4,3,3,3,1,3,Yes,0.6076,High
1036,33,Female,Single,Research & Development,Healthcare Representative,Technical Degree,2,2,4430,3K-6K,11,1,Travel_Rarely,4,Yes,9,2,0,0-1 yr,0,0,0,Promoted <=1yr,5,3,4,1,4,3,4,No,0.6993,High
1037,38,Male,Married,Research & Development,Manufacturing Director,Life Sciences,3,3,5866,3K-6K,16,2,Travel_Rarely,5,No,16,0,2,2-3 yr,0,0,0,Promoted <=1yr,2,4,4,4,2,2,3,No,0.25,Low
1038,38,Male,Single,Research & Development,Manufacturing Director,Technical Degree,3,3,7692,6K-10K,11,0,Travel_Rarely,1,No,17,2,4,4-6 yr,1,2,4,Not Recently Promoted,4,2,3,4,2,3,3,No,0.4182,Moderate
1039,41,Male,Divorced,Research & Development,Research Scientist,Medical,4,5,13416,10K-15K,14,0,Travel_Frequently,2,No,20,1,7,7-10 yr,0,3,1,Not Recently Promoted,2,3,1,2,2,2,3,No,0.4727,Moderate
1040,46,Female,Married,Research & Development,Research Director,Technical Degree,4,5,15862,15K+ (High),18,1,Travel_Rarely,6,No,24,4,4,4-6 yr,1,0,1,Promoted <=1yr,0,3,4,3,3,3,3,No,0.0931,Low
1041,48,Male,Single,Sales,Sales Representative,Life Sciences,5,5,16554,15K+ (High),15,0,Travel_Rarely,13,No,26,2,18,10+ yr,0,2,3,Not Recently Promoted,3,1,2,2,3,2,4,No,0.4029,Moderate
1042,37,Male,Divorced,Human Resources,Human Resources,Other,4,4,11295,10K-15K,18,0,Travel_Frequently,18,No,14,3,2,2-3 yr,0,2,1,Not Recently Promoted,1,4,4,3,2,3,3,No,0.511,High
1043,37,Male,Married,Research & Development,Research Director,Other,3,3,6901,6K-10K,13,0,Non-Travel,9,No,16,1,3,2-3 yr,3,1,0,Promoted <=1yr,1,4,4,3,2,3,3,No,0.1515,Low
1044,44,Male,Married,Research & Development,Manager,Technical Degree,3,5,19900,15K+ (High),11,0,Travel_Rarely,1,Yes,24,1,1,0-1 yr,1,0,1,Promoted <=1yr,5,3,3,2,2,2,4,No,0.3821,Moderate
1045,35,Female,Single,Research & Development,Laboratory Technician,Other,4,4,10713,10K-15K,13,0,Travel_Frequently,1,No,12,2,1,0-1 yr,1,1,1,Promoted <=1yr,1,2,2,2,3,3,3,Yes,0.3837,Moderate
1046,30,Female,Married,Sales,Sales Executive,Other,1,2,5413,3K-6K,15,1,Travel_Frequently,11,No,9,1,0,0-1 yr,0,0,0,Promoted <=1yr,4,1,2,4,2,3,3,Yes,0.6447,High
1047,35,Female,Married,Research & Development,Research Scientist,Other,4,3,7566,6K-10K,11,0,Travel_Rarely,4,No,12,1,3,2-3 yr,3,3,0,Not Recently Promoted,2,3,1,1,2,3,4,No,0.2898,Moderate
1048,39,Female,Married,Sales,Sales Representative,Life Sciences,2,3,5384,3K-6K,15,0,Travel_Rarely,3,No,16,3,7,7-10 yr,0,2,0,Not Recently Promoted,1,2,1,3,1,2,3,No,0.4841,Moderate
1049,43,Male,Married,Research & Development,Research Director,Other,3,4,9443,6K-10K,13,1,Travel_Rarely,1,No,22,4,1,0-1 yr,1,0,1,Promoted <=1yr,2,4,4,4,3,3,3,No,0.1476,Low
1050,38,Male,Divorced,Sales,Sales Executive,Life Sciences,2,3,4908,3K-6K,14,2,Non-Travel,5,No,15,0,8,7-10 yr,1,1,0,Promoted <=1yr,3,1,1,2,2,3,4,No,0.5463,High
1051,46,Male,Single,Research & Development,Research Director,Other,4,5,15206,15K+ (High),16,1,Travel_Rarely,28,No,25,3,10,7-10 yr,1,3,3,Not Recently Promoted,1,1,1,2,2,4,3,No,0.3848,Moderate
1052,27,Male,Divorced,Research & Development,Manager,Medical,4,1,1327,<3K (Low),11,2,Travel_Rarely,6,No,5,2,5,4-6 yr,1,0,1,Promoted <=1yr,4,1,1,3,2,2,4,No,0.7941,Critical
1053,48,Female,Single,Research & Development,Research Scientist,Technical Degree,3,5,15710,15K+ (High),16,0,Travel_Rarely,18,No,26,2,5,4-6 yr,3,1,5,Promoted <=1yr,4,3,1,2,3,3,3,No,0.2678,Moderate
1054,29,Female,Single,Research & Development,Laboratory Technician,Other,1,2,5114,3K-6K,11,1,Travel_Rarely,14,Yes,7,3,7,7-10 yr,1,0,6,Promoted <=1yr,4,4,4,1,2,2,3,No,0.4952,Moderate
1055,28,Female,Divorced,Sales,Sales Representative,Life Sciences,1,2,5235,3K-6K,18,3,Travel_Rarely,16,No,8,0,2,2-3 yr,2,0,1,Promoted <=1yr,4,3,2,4,3,3,3,Yes,0.4687,Moderate
1056,43,Male,Divorced,Research & Development,Laboratory Technician,Medical,4,5,16128,15K+ (High),11,2,Travel_Rarely,1,No,22,2,16,10+ yr,3,0,4,Promoted <=1yr,5,3,1,4,4,3,3,No,0.1179,Low
1057,52,Male,Single,Sales,Sales Executive,Other,4,5,17234,15K+ (High),14,1,Travel_Rarely,7,No,32,2,15,10+ yr,0,2,0,Not Recently Promoted,5,2,3,1,3,3,3,Yes,0.3304,Moderate
1058,24,Female,Married,Sales,Sales Representative,Marketing,3,1,1493,<3K (Low),16,0,Travel_Rarely,1,Yes,1,2,0,0-1 yr,0,0,0,Promoted <=1yr,1,2,3,4,3,3,4,No,0.6481,High
1059,45,Female,Divorced,Research & Development,Healthcare Representative,Life Sciences,1,5,15791,15K+ (High),12,1,Travel_Frequently,6,No,24,1,1,0-1 yr,0,1,1,Promoted <=1yr,2,2,4,3,3,3,4,No,0.3219,Moderate
1060,42,Male,Married,Research & Development,Research Director,Medical,1,4,13399,10K-15K,18,1,Travel_Frequently,12,No,19,2,3,2-3 yr,3,0,1,Promoted <=1yr,3,4,3,2,3,3,3,No,0.2771,Moderate
1061,48,Male,Single,Sales,Sales Executive,Life Sciences,3,5,20000,15K+ (High),15,0,Travel_Rarely,1,No,26,2,2,2-3 yr,0,2,1,Not Recently Promoted,3,3,3,2,2,3,3,No,0.2067,Low
1062,60,Male,Single,Research & Development,Manager,Other,4,5,11812,10K-15K,22,1,Travel_Frequently,4,No,37,2,3,2-3 yr,2,0,3,Promoted <=1yr,2,3,3,3,2,3,3,No,0.3414,Moderate
1063,33,Female,Single,Research & Development,Research Director,Medical,4,3,7563,6K-10K,22,2,Travel_Rarely,3,No,11,2,11,10+ yr,1,3,2,Not Recently Promoted,1,3,3,3,3,3,3,No,0.3397,Moderate
1064,43,Female,Divorced,Research & Development,Manufacturing Director,Technical Degree,1,4,9714,6K-10K,16,0,Travel_Rarely,11,No,18,2,6,4-6 yr,1,3,6,Not Recently Promoted,2,4,4,3,1,3,3,No,0.267,Moderate
1065,19,Male,Married,Sales,Sales Executive,Other,4,1,2907,<3K (Low),19,1,Non-Travel,1,Yes,0,4,0,0-1 yr,0,0,0,Promoted <=1yr,5,3,4,2,3,4,3,Yes,0.7286,High
1066,20,Male,Married,Research & Development,Laboratory Technician,Other,1,1,2785,<3K (Low),11,3,Travel_Frequently,1,No,0,0,0,0-1 yr,0,0,0,Promoted <=1yr,4,1,3,4,3,4,4,No,0.4941,Moderate
1067,35,Male,Single,Research & Development,Research Director,Life Sciences,3,3,7458,6K-10K,11,0,Travel_Rarely,11,No,13,3,5,4-6 yr,5,0,1,Promoted <=1yr,3,4,2,3,3,4,3,No,0.2577,Moderate
1068,29,Male,Married,Research & Development,Manager,Medical,4,2,4933,3K-6K,17,1,Travel_Rarely,1,No,7,2,5,4-6 yr,0,4,4,Not Recently Promoted,2,3,3,2,3,3,3,No,0.4029,Moderate
1069,37,Male,Married,Sales,Sales Executive,Marketing,1,3,9207,6K-10K,15,1,Travel_Rarely,1,No,13,2,11,10+ yr,3,3,1,Not Recently Promoted,5,4,2,3,3,3,3,No,0.3234,Moderate
1070,29,Female,Single,Research & Development,Healthcare Representative,Technical Degree,3,2,3713,3K-6K,16,3,Travel_Frequently,7,No,7,2,0,0-1 yr,0,0,0,Promoted <=1yr,4,3,2,3,3,4,3,No,0.5788,High
1071,23,Male,Divorced,Research & Development,Manufacturing Director,Medical,2,1,2861,<3K (Low),17,1,Travel_Rarely,1,No,2,6,0,0-1 yr,0,0,0,Promoted <=1yr,2,3,1,1,3,4,3,No,0.6079,High
1072,36,Male,Married,Sales,Manager,Marketing,3,3,7997,6K-10K,12,2,Travel_Rarely,1,Yes,16,4,0,0-1 yr,0,0,0,Promoted <=1yr,4,1,1,2,3,2,4,No,0.8032,Critical
1073,35,Male,Single,Research & Development,Research Director,Medical,3,3,9158,6K-10K,12,2,Travel_Rarely,5,Yes,14,5,9,7-10 yr,0,0,0,Promoted <=1yr,1,2,4,3,3,3,3,Yes,0.5767,High
1074,43,Female,Divorced,Research & Development,Manufacturing Director,Medical,3,4,9121,6K-10K,15,0,Travel_Rarely,7,No,22,7,6,4-6 yr,4,0,1,Promoted <=1yr,3,4,3,1,3,3,3,No,0.4335,Moderate
1075,35,Male,Single,Sales,Sales Executive,Life Sciences,2,3,7112,6K-10K,12,0,Non-Travel,14,No,14,3,0,0-1 yr,0,0,0,Promoted <=1yr,1,4,3,2,3,3,3,Yes,0.4798,Moderate
1076,28,Female,Single,Research & Development,Manufacturing Director,Technical Degree,3,1,2658,<3K (Low),13,0,Travel_Rarely,3,No,4,0,4,4-6 yr,2,3,4,Not Recently Promoted,1,4,3,4,3,2,3,No,0.4155,Moderate
1077,31,Female,Divorced,Human Resources,Manager,Other,3,2,5093,3K-6K,11,0,Travel_Rarely,1,Yes,7,3,2,2-3 yr,2,0,1,Promoted <=1yr,2,2,3,4,3,2,3,Yes,0.7041,High
1078,44,Female,Married,Sales,Manager,Life Sciences,3,4,9123,6K-10K,15,0,Travel_Rarely,22,No,21,3,0,0-1 yr,0,0,0,Promoted <=1yr,4,2,4,3,3,2,3,No,0.4387,Moderate
1079,39,Female,Married,Research & Development,Manufacturing Director,Other,2,3,5224,3K-6K,14,1,Travel_Rarely,7,Yes,17,0,12,10+ yr,0,0,0,Promoted <=1yr,4,4,4,4,3,4,3,No,0.3985,Moderate
1080,44,Female,Divorced,Research & Development,Research Scientist,Other,3,4,10941,10K-15K,20,1,Travel_Rarely,1,No,22,0,2,2-3 yr,1,2,2,Not Recently Promoted,2,3,1,2,2,3,3,No,0.2807,Moderate
1081,34,Male,Single,Research & Development,Healthcare Representative,Technical Degree,3,3,6406,6K-10K,12,2,Travel_Frequently,1,No,12,3,8,7-10 yr,3,0,6,Promoted <=1yr,0,3,4,4,2,3,3,No,0.2589,Moderate
1082,42,Male,Divorced,Research & Development,Research Director,Life Sciences,2,4,12350,10K-15K,11,0,Travel_Rarely,3,Yes,20,1,6,4-6 yr,5,0,2,Promoted <=1yr,3,4,3,3,3,3,3,No,0.2644,Moderate
1083,33,Male,Married,Sales,Sales Executive,Marketing,2,2,4117,3K-6K,18,0,Travel_Frequently,10,No,11,0,3,2-3 yr,1,0,3,Promoted <=1yr,4,4,4,3,4,2,3,No,0.4445,Moderate
1084,24,Female,Divorced,Sales,Sales Representative,Life Sciences,3,1,2756,<3K (Low),19,0,Travel_Rarely,1,No,0,4,0,0-1 yr,0,0,0,Promoted <=1yr,5,1,4,4,3,2,3,Yes,0.7221,High
1085,32,Female,Married,Sales,Sales Representative,Marketing,4,2,4204,3K-6K,11,2,Travel_Rarely,8,Yes,9,4,2,2-3 yr,2,0,2,Promoted <=1yr,2,4,2,4,3,3,3,No,0.4892,Moderate
1086,39,Male,Married,Research & Development,Manager,Other,1,4,10384,10K-15K,21,0,Travel_Frequently,11,No,18,4,10,7-10 yr,0,1,0,Promoted <=1yr,0,4,4,4,4,3,3,No,0.388,Moderate
1087,34,Male,Single,Human Resources,Human Resources,Human Resources,3,3,8624,6K-10K,22,2,Travel_Rarely,7,No,14,1,0,0-1 yr,0,0,0,Promoted <=1yr,4,4,3,4,3,2,3,No,0.4902,Moderate
1088,36,Female,Married,Research & Development,Research Scientist,Medical,3,3,6353,6K-10K,11,3,Travel_Rarely,1,Yes,14,2,5,4-6 yr,2,2,0,Not Recently Promoted,5,1,3,3,3,4,3,No,0.6095,High
1089,38,Male,Married,Sales,Sales Representative,Life Sciences,3,3,8157,6K-10K,13,3,Travel_Frequently,13,No,15,3,8,7-10 yr,5,0,0,Promoted <=1yr,1,1,3,1,2,2,3,No,0.554,High
1090,44,Male,Single,Human Resources,Manager,Other,2,5,15453,15K+ (High),13,2,Travel_Rarely,9,Yes,24,2,1,0-1 yr,1,1,0,Promoted <=1yr,5,3,4,2,2,1,3,No,0.677,High
1091,38,Female,Divorced,Human Resources,Human Resources,Human Resources,1,3,5853,3K-6K,14,3,Travel_Rarely,1,No,15,2,5,4-6 yr,2,0,4,Promoted <=1yr,2,3,3,2,3,3,3,No,0.3478,Moderate
1092,37,Male,Married,Sales,Sales Executive,Life Sciences,4,4,12421,10K-15K,23,2,Travel_Rarely,7,Yes,16,2,4,4-6 yr,4,3,0,Not Recently Promoted,6,2,2,2,3,2,3,No,0.7644,Critical
1093,47,Male,Single,Research & Development,Research Scientist,Medical,2,5,16349,15K+ (High),12,0,Travel_Rarely,5,No,25,0,12,10+ yr,1,1,0,Promoted <=1yr,3,2,4,4,3,2,3,No,0.225,Low
1094,29,Male,Married,Research & Development,Research Director,Other,2,2,4679,3K-6K,11,0,Non-Travel,26,No,8,1,0,0-1 yr,0,0,0,Promoted <=1yr,2,4,3,4,2,3,3,No,0.2788,Moderate
1095,27,Female,Married,Research & Development,Healthcare Representative,Technical Degree,3,2,5057,3K-6K,18,0,Travel_Frequently,10,No,6,3,5,4-6 yr,3,2,2,Not Recently Promoted,5,4,2,2,2,3,3,Yes,0.5114,High
1096,20,Male,Single,Research & Development,Research Scientist,Life Sciences,2,1,3492,3K-6K,14,1,Travel_Rarely,4,No,0,4,0,0-1 yr,0,0,0,Promoted <=1yr,1,2,1,3,3,1,3,No,0.7665,Critical
1097,19,Male,Single,Research & Development,Laboratory Technician,Medical,4,1,2366,<3K (Low),15,0,Travel_Rarely,14,No,0,4,0,0-1 yr,0,0,0,Promoted <=1yr,1,3,2,1,3,3,3,No,0.579,High
1098,26,Female,Divorced,Research & Development,Research Director,Medical,3,1,2642,<3K (Low),17,3,Travel_Rarely,1,No,5,1,2,2-3 yr,0,1,2,Promoted <=1yr,1,4,4,3,3,3,3,No,0.2312,Low
1099,32,Male,Divorced,Sales,Sales Representative,Marketing,2,2,5042,3K-6K,12,1,Travel_Rarely,13,No,10,1,3,2-3 yr,1,0,0,Promoted <=1yr,4,3,4,3,3,4,3,Yes,0.384,Moderate
1100,50,Male,Married,Human Resources,Manager,Human Resources,4,5,15319,15K+ (High),14,2,Travel_Rarely,11,No,27,2,23,10+ yr,0,1,2,Promoted <=1yr,0,3,4,4,3,3,3,No,0.0777,Low
1101,27,Male,Single,Research & Development,Manager,Life Sciences,1,1,2348,<3K (Low),11,3,Travel_Rarely,6,No,5,2,0,0-1 yr,0,0,0,Promoted <=1yr,3,2,4,3,3,1,3,Yes,0.7166,High
1102,18,Male,Married,Research & Development,Healthcare Representative,Life Sciences,3,1,2611,<3K (Low),16,1,Travel_Rarely,3,Yes,0,2,0,0-1 yr,0,0,0,Promoted <=1yr,4,4,2,2,2,2,3,No,0.7528,Critical
1103,36,Male,Single,Sales,Sales Executive,Life Sciences,2,3,6596,6K-10K,18,1,Non-Travel,12,No,13,4,13,10+ yr,3,1,1,Promoted <=1yr,2,1,4,4,2,2,3,No,0.6095,High
1104,52,Female,Married,Research & Development,Laboratory Technician,Technical Degree,3,5,20000,15K+ (High),13,1,Travel_Frequently,1,Yes,30,1,5,4-6 yr,0,1,3,Promoted <=1yr,6,3,3,1,1,3,3,No,0.1978,Low
1105,21,Female,Married,Sales,Manager,Marketing,2,1,3333,3K-6K,12,1,Travel_Rarely,1,No,0,3,0,0-1 yr,0,0,0,Promoted <=1yr,4,4,1,1,3,4,3,No,0.3197,Moderate
1106,38,Female,Married,Research & Development,Manager,Medical,3,3,8397,6K-10K,13,0,Travel_Rarely,4,No,16,2,3,2-3 yr,0,0,3,Promoted <=1yr,6,2,1,3,2,3,3,No,0.5305,High
1107,36,Male,Married,Research & Development,Manufacturing Director,Other,1,3,5926,3K-6K,12,1,Travel_Rarely,8,No,16,2,0,0-1 yr,0,0,0,Promoted <=1yr,6,3,1,4,1,4,4,No,0.4571,Moderate
1108,43,Male,Single,Research & Development,Manager,Medical,3,4,11216,10K-15K,16,0,Travel_Rarely,7,No,21,3,2,2-3 yr,1,0,2,Promoted <=1yr,1,3,3,3,3,2,3,No,0.5483,High
1109,50,Male,Single,Sales,Sales Representative,Marketing,3,5,20000,15K+ (High),12,0,Travel_Rarely,4,Yes,30,2,0,0-1 yr,0,0,0,Promoted <=1yr,5,4,4,3,3,2,3,No,0.2876,Moderate
1110,60,Female,Married,Sales,Sales Representative,Other,3,5,19174,15K+ (High),14,1,Travel_Frequently,11,No,38,1,20,10+ yr,0,3,0,Not Recently Promoted,3,2,3,2,2,3,3,No,0.1748,Low
1111,33,Female,Divorced,Research & Development,Manufacturing Director,Technical Degree,4,3,7176,6K-10K,11,0,Travel_Rarely,14,No,11,3,2,2-3 yr,2,0,0,Promoted <=1yr,1,1,1,3,3,4,3,Yes,0.6393,High
1112,32,Male,Single,Research & Development,Research Scientist,Medical,2,2,4611,3K-6K,18,0,Travel_Rarely,1,No,11,1,2,2-3 yr,2,2,2,Not Recently Promoted,3,3,3,3,1,4,3,No,0.3373,Moderate
1113,34,Female,Married,Sales,Sales Representative,Other,3,2,4149,3K-6K,19,1,Travel_Frequently,6,No,11,2,11,10+ yr,3,1,2,Promoted <=1yr,3,4,1,4,2,3,3,No,0.2875,Moderate
1114,31,Female,Married,Research & Development,Research Director,Medical,3,2,3785,3K-6K,12,1,Travel_Rarely,3,No,9,2,0,0-1 yr,0,0,0,Promoted <=1yr,1,2,3,1,3,3,4,No,0.3769,Moderate
1115,30,Male,Married,Sales,Sales Representative,Marketing,1,2,4530,3K-6K,15,2,Travel_Rarely,4,No,10,3,6,4-6 yr,1,0,0,Promoted <=1yr,4,3,2,2,2,2,3,Yes,0.4881,Moderate
1116,22,Female,Single,Sales,Sales Executive,Marketing,2,1,3545,3K-6K,11,2,Travel_Rarely,1,No,1,2,1,0-1 yr,1,1,1,Promoted <=1yr,3,2,2,1,3,3,3,No,0.6908,High
1117,43,Female,Divorced,Research & Development,Manager,Medical,3,4,13020,10K-15K,18,0,Travel_Rarely,1,No,23,2,5,4-6 yr,3,1,0,Promoted <=1yr,2,4,4,4,2,3,3,No,0.1725,Low
1118,44,Female,Divorced,Sales,Manager,Life Sciences,2,4,11674,10K-15K,18,2,Travel_Frequently,1,No,23,1,9,7-10 yr,0,0,2,Promoted <=1yr,3,3,4,4,4,3,4,No,0.1891,Low
1119,33,Male,Divorced,Research & Development,Manufacturing Director,Other,3,2,5707,3K-6K,21,2,Travel_Rarely,1,Yes,11,1,4,4-6 yr,1,3,4,Not Recently Promoted,4,3,2,2,1,3,4,No,0.6658,High
1120,38,Male,Single,Sales,Sales Representative,Life Sciences,3,4,8034,6K-10K,12,2,Travel_Rarely,8,No,18,4,0,0-1 yr,0,0,0,Promoted <=1yr,3,2,4,3,2,3,4,Yes,0.4714,Moderate
1121,41,Female,Divorced,Research & Development,Manager,Medical,4,5,19713,15K+ (High),14,2,Travel_Rarely,3,No,19,3,1,0-1 yr,0,1,1,Promoted <=1yr,5,3,4,4,1,3,3,No,0.1968,Low
1122,24,Female,Married,Research & Development,Manufacturing Director,Technical Degree,4,1,2539,<3K (Low),11,3,Travel_Rarely,13,No,4,2,1,0-1 yr,0,0,0,Promoted <=1yr,4,4,2,4,4,3,3,No,0.4292,Moderate
1123,52,Male,Married,Sales,Sales Executive,Other,3,5,16968,15K+ (High),13,1,Travel_Rarely,12,No,31,7,9,7-10 yr,1,0,4,Promoted <=1yr,4,1,3,1,3,3,3,No,0.3457,Moderate
1124,36,Female,Married,Research & Development,Research Scientist,Other,3,3,7436,6K-10K,21,2,Travel_Frequently,7,No,15,1,13,10+ yr,6,4,2,Not Recently Promoted,5,3,2,3,4,3,3,No,0.3797,Moderate
1125,30,Male,Divorced,Research & Development,Research Scientist,Technical Degree,4,3,7008,6K-10K,13,2,Travel_Frequently,1,Yes,9,2,1,0-1 yr,1,0,1,Promoted <=1yr,2,4,3,4,3,3,3,No,0.5283,High
1126,23,Female,Divorced,Research & Development,Manufacturing Director,Other,3,1,2701,<3K (Low),16,0,Non-Travel,6,No,0,4,0,0-1 yr,0,0,0,Promoted <=1yr,3,3,1,1,3,3,3,Yes,0.7348,High
1127,18,Female,Divorced,Research & Development,Manufacturing Director,Other,2,1,3158,3K-6K,16,1,Travel_Rarely,10,No,0,2,0,0-1 yr,0,0,0,Promoted <=1yr,4,3,2,3,1,4,3,Yes,0.5908,High
1128,34,Male,Married,Research & Development,Manufacturing Director,Life Sciences,3,3,5542,3K-6K,17,1,Travel_Rarely,1,No,13,7,1,0-1 yr,0,0,1,Promoted <=1yr,1,4,4,3,2,2,3,No,0.3968,Moderate
1129,31,Female,Married,Sales,Sales Executive,Life Sciences,3,2,5459,3K-6K,20,1,Travel_Frequently,1,No,8,5,0,0-1 yr,0,0,0,Promoted <=1yr,2,3,2,3,3,2,3,No,0.5404,High
1130,47,Male,Married,Sales,Sales Representative,Marketing,1,5,16830,15K+ (High),11,0,Travel_Rarely,2,Yes,24,6,1,0-1 yr,0,0,0,Promoted <=1yr,2,3,1,2,3,2,3,No,0.5503,High
1131,46,Male,Single,Research & Development,Research Director,Medical,4,5,16485,15K+ (High),11,2,Travel_Rarely,5,No,25,4,3,2-3 yr,0,2,0,Not Recently Promoted,1,1,2,3,2,4,3,Yes,0.3354,Moderate
1132,18,Female,Married,Sales,Sales Representative,Marketing,2,1,2871,<3K (Low),17,1,Travel_Rarely,1,No,0,3,0,0-1 yr,0,0,0,Promoted <=1yr,3,2,4,3,3,4,3,No,0.406,Moderate
1133,51,Male,Single,Research & Development,Research Scientist,Technical Degree,2,5,16326,15K+ (High),17,0,Travel_Rarely,21,No,30,2,2,2-3 yr,1,0,2,Promoted <=1yr,4,3,4,2,3,4,3,No,0.2561,Moderate
1134,28,Male,Married,Research & Development,Laboratory Technician,Technical Degree,4,3,6968,6K-10K,18,1,Travel_Rarely,2,No,7,4,0,0-1 yr,0,0,0,Promoted <=1yr,3,4,2,4,3,2,4,No,0.3029,Moderate
1135,32,Male,Married,Sales,Sales Executive,Marketing,3,3,7665,6K-10K,15,1,Non-Travel,23,No,12,3,7,7-10 yr,0,2,5,Not Recently Promoted,6,1,3,4,2,3,3,Yes,0.5485,High
1136,53,Male,Single,Sales,Sales Representative,Marketing,3,5,16750,15K+ (High),11,3,Travel_Rarely,15,No,28,5,14,10+ yr,3,0,1,Promoted <=1yr,2,2,3,4,3,4,3,No,0.2012,Low
1137,20,Female,Single,Research & Development,Research Director,Technical Degree,2,1,3249,3K-6K,13,2,Travel_Rarely,8,Yes,0,3,0,0-1 yr,0,0,0,Promoted <=1yr,5,2,3,4,2,3,3,Yes,0.8104,Critical
1138,24,Male,Married,Sales,Manager,Marketing,2,1,2255,<3K (Low),14,3,Travel_Rarely,2,No,2,3,2,2-3 yr,2,2,0,Not Recently Promoted,1,4,3,2,4,3,3,Yes,0.4154,Moderate
1139,44,Male,Married,Research & Development,Healthcare Representative,Medical,2,4,13436,10K-15K,19,0,Travel_Rarely,1,Yes,20,1,6,4-6 yr,1,0,1,Promoted <=1yr,5,3,2,4,3,3,3,No,0.4212,Moderate
1140,18,Male,Divorced,Research & Development,Research Director,Technical Degree,3,1,2640,<3K (Low),11,1,Travel_Rarely,1,No,0,2,0,0-1 yr,0,0,0,Promoted <=1yr,3,2,4,3,3,1,3,No,0.6625,High
1141,34,Male,Married,Sales,Manager,Life Sciences,3,2,4628,3K-6K,12,3,Travel_Frequently,7,No,11,2,0,0-1 yr,0,0,0,Promoted <=1yr,3,1,4,2,3,3,4,No,0.5181,High
1142,41,Female,Single,Human Resources,Human Resources,Other,3,4,13718,10K-15K,20,3,Travel_Rarely,2,No,18,0,2,2-3 yr,2,2,1,Not Recently Promoted,2,2,4,4,3,3,3,Yes,0.3303,Moderate
1143,46,Female,Married,Sales,Manager,Other,3,5,17443,15K+ (High),11,1,Travel_Rarely,1,No,25,2,2,2-3 yr,1,2,1,Not Recently Promoted,0,2,2,2,1,3,3,No,0.1611,Low
1144,36,Male,Divorced,Research & Development,Manufacturing Director,Other,4,4,12516,10K-15K,16,1,Travel_Rarely,12,No,13,0,5,4-6 yr,0,2,2,Not Recently Promoted,1,1,4,4,2,3,3,Yes,0.4485,Moderate
1145,33,Female,Divorced,Sales,Sales Executive,Life Sciences,2,2,4790,3K-6K,11,0,Travel_Rarely,6,No,11,3,11,10+ yr,2,0,4,Promoted <=1yr,5,2,4,1,3,4,3,No,0.3586,Moderate
1146,26,Male,Single,Research & Development,Research Scientist,Life Sciences,4,1,3072,3K-6K,16,0,Travel_Rarely,4,Yes,3,0,3,2-3 yr,2,1,0,Promoted <=1yr,2,1,3,4,2,2,4,Yes,0.7756,Critical
1147,35,Female,Divorced,Sales,Sales Executive,Marketing,2,3,6018,6K-10K,13,1,Travel_Rarely,4,Yes,12,3,0,0-1 yr,0,0,0,Promoted <=1yr,6,1,4,2,3,4,3,Yes,0.7051,High
1148,31,Male,Married,Sales,Sales Executive,Other,3,2,4098,3K-6K,21,1,Travel_Rarely,1,No,8,3,0,0-1 yr,0,0,0,Promoted <=1yr,5,1,2,3,4,3,3,Yes,0.6633,High
1149,30,Female,Married,Sales,Sales Representative,Marketing,3,2,4221,3K-6K,11,1,Travel_Rarely,1,No,8,0,8,7-10 yr,1,2,0,Not Recently Promoted,2,1,4,2,4,3,3,Yes,0.3844,Moderate
1150,34,Female,Married,Research & Development,Research Scientist,Technical Degree,3,3,7368,6K-10K,15,0,Travel_Rarely,24,No,13,3,1,0-1 yr,1,1,0,Promoted <=1yr,2,3,1,3,2,3,3,No,0.4364,Moderate
1151,33,Female,Married,Research & Development,Laboratory Technician,Other,3,2,5632,3K-6K,20,1,Travel_Rarely,1,No,10,1,3,2-3 yr,3,0,1,Promoted <=1yr,1,3,2,1,4,4,3,No,0.1488,Low
1152,38,Male,Married,Research & Development,Research Scientist,Other,4,4,10528,10K-15K,13,1,Travel_Rarely,27,No,15,1,7,7-10 yr,1,4,5,Not Recently Promoted,4,2,3,3,4,2,3,No,0.5241,High
1153,44,Female,Single,Research & Development,Research Director,Life Sciences,4,4,12690,10K-15K,12,1,Travel_Rarely,2,No,23,1,8,7-10 yr,1,3,0,Not Recently Promoted,1,4,3,3,3,2,3,No,0.202,Low
1154,40,Female,Married,Sales,Manager,Marketing,1,4,11728,10K-15K,11,1,Travel_Rarely,11,No,19,0,7,7-10 yr,4,0,1,Promoted <=1yr,6,4,4,3,4,3,3,No,0.1483,Low
1155,30,Male,Divorced,Research & Development,Research Director,Medical,3,2,4532,3K-6K,14,0,Non-Travel,10,No,9,4,1,0-1 yr,0,0,1,Promoted <=1yr,4,2,3,2,3,4,4,No,0.5054,High
1156,36,Female,Married,Sales,Sales Representative,Life Sciences,2,3,7512,6K-10K,11,2,Travel_Rarely,1,No,13,5,5,4-6 yr,0,0,0,Promoted <=1yr,4,3,4,1,3,3,3,No,0.3478,Moderate
1157,37,Female,Single,Research & Development,Manufacturing Director,Life Sciences,4,4,15199,15K+ (High),15,0,Travel_Rarely,14,No,13,2,6,4-6 yr,5,0,1,Promoted <=1yr,2,3,1,2,2,3,3,No,0.3077,Moderate
1158,29,Male,Divorced,Sales,Sales Executive,Life Sciences,2,2,5210,3K-6K,18,1,Travel_Rarely,17,Yes,9,2,6,4-6 yr,1,5,2,Not Recently Promoted,4,4,1,2,3,3,3,Yes,0.8546,Critical
1159,35,Male,Married,Research & Development,Research Scientist,Technical Degree,5,3,7196,6K-10K,11,2,Non-Travel,10,No,14,2,2,2-3 yr,1,2,0,Not Recently Promoted,3,1,2,1,3,3,3,No,0.5818,High
1160,34,Female,Married,Research & Development,Manager,Medical,4,4,10270,10K-15K,15,0,Travel_Rarely,3,Yes,14,2,3,2-3 yr,2,2,0,Not Recently Promoted,6,1,3,1,2,3,4,No,0.7565,Critical
1161,23,Male,Divorced,Sales,Sales Representative,Marketing,3,1,2107,<3K (Low),11,0,Travel_Rarely,4,No,1,1,1,0-1 yr,1,1,1,Promoted <=1yr,2,2,4,4,2,4,3,No,0.4494,Moderate
1162,47,Female,Divorced,Research & Development,Manufacturing Director,Life Sciences,4,5,20000,15K+ (High),14,0,Travel_Rarely,5,No,25,5,25,10+ yr,0,0,0,Promoted <=1yr,3,2,1,3,3,3,3,No,0.2344,Low
1163,56,Male,Married,Research & Development,Healthcare Representative,Technical Degree,2,5,15336,15K+ (High),14,1,Travel_Rarely,12,No,35,2,2,2-3 yr,2,2,2,Not Recently Promoted,1,3,3,1,3,2,3,No,0.2167,Low
1164,39,Male,Single,Research & Development,Laboratory Technician,Technical Degree,2,4,11506,10K-15K,18,0,Travel_Rarely,8,Yes,18,6,14,10+ yr,3,0,2,Promoted <=1yr,1,4,3,3,2,3,3,No,0.2996,Moderate
1165,45,Female,Single,Sales,Sales Representative,Marketing,4,5,13966,10K-15K,17,1,Travel_Rarely,3,No,25,7,3,2-3 yr,0,3,3,Not Recently Promoted,1,1,2,3,3,2,3,No,0.5916,High
1166,37,Female,Divorced,Research & Development,Laboratory Technician,Life Sciences,1,3,7768,6K-10K,11,2,Travel_Frequently,10,Yes,15,1,1,0-1 yr,1,1,0,Promoted <=1yr,0,2,2,4,2,2,4,Yes,0.6545,High
1167,36,Male,Married,Research & Development,Manager,Life Sciences,3,3,8635,6K-10K,17,0,Travel_Rarely,1,No,13,4,13,10+ yr,2,2,0,Not Recently Promoted,4,2,2,2,3,2,3,Yes,0.6764,High
1168,46,Female,Divorced,Research & Development,Healthcare Representative,Life Sciences,4,5,11341,10K-15K,18,1,Travel_Frequently,3,Yes,26,2,5,4-6 yr,1,1,0,Promoted <=1yr,3,4,4,3,3,4,3,Yes,0.3562,Moderate
1169,40,Female,Married,Research & Development,Research Director,Medical,3,4,15672,15K+ (High),21,0,Travel_Rarely,1,No,19,2,3,2-3 yr,2,3,3,Not Recently Promoted,5,3,2,4,3,2,3,No,0.2224,Low
1170,28,Male,Married,Sales,Sales Representative,Life Sciences,2,2,4334,3K-6K,18,2,Travel_Frequently,1,No,7,5,1,0-1 yr,1,1,1,Promoted <=1yr,1,3,3,4,1,2,4,No,0.4564,Moderate
1171,42,Male,Single,Research & Development,Manufacturing Director,Other,2,4,12666,10K-15K,13,2,Travel_Rarely,21,No,20,0,4,4-6 yr,1,0,0,Promoted <=1yr,1,4,1,2,3,3,4,No,0.3657,Moderate
1172,54,Male,Married,Sales,Manager,Life Sciences,1,5,12976,10K-15K,11,2,Travel_Rarely,12,No,31,1,13,10+ yr,1,0,2,Promoted <=1yr,1,4,4,3,3,4,3,No,0.0691,Low
1173,30,Male,Married,Sales,Sales Representative,Other,1,2,4750,3K-6K,11,1,Travel_Frequently,4,Yes,6,0,1,0-1 yr,0,1,1,Promoted <=1yr,6,2,3,3,2,3,4,No,0.7148,High
1174,30,Male,Single,Research & Development,Manufacturing Director,Life Sciences,3,2,4836,3K-6K,15,0,Travel_Frequently,6,No,7,0,2,2-3 yr,0,2,0,Not Recently Promoted,0,4,4,4,3,3,3,Yes,0.5547,High
1175,33,Female,Single,Research & Development,Research Director,Other,5,3,5864,3K-6K,11,1,Travel_Rarely,7,No,11,2,0,0-1 yr,0,0,0,Promoted <=1yr,2,4,4,3,3,2,4,No,0.329,Moderate
1176,29,Male,Single,Sales,Sales Executive,Marketing,3,2,5861,3K-6K,13,0,Travel_Rarely,5,No,8,2,6,4-6 yr,0,0,0,Promoted <=1yr,2,4,3,3,4,3,3,No,0.4668,Moderate
1177,32,Female,Single,Sales,Sales Executive,Marketing,1,2,5849,3K-6K,20,1,Travel_Rarely,8,Yes,8,3,3,2-3 yr,0,3,3,Not Recently Promoted,5,3,1,4,3,3,3,Yes,0.7957,Critical
1178,18,Male,Divorced,Research & Development,Laboratory Technician,Life Sciences,3,1,2149,<3K (Low),11,0,Travel_Rarely,6,No,0,2,0,0-1 yr,0,0,0,Promoted <=1yr,3,2,1,3,3,2,3,No,0.5852,High
1179,31,Female,Single,Research & Development,Research Director,Other,4,2,5767,3K-6K,12,2,Travel_Rarely,2,No,9,3,8,7-10 yr,0,2,1,Not Recently Promoted,5,4,2,1,3,3,3,No,0.3665,Moderate
1180,46,Female,Divorced,Sales,Sales Representative,Marketing,2,4,11211,10K-15K,17,1,Travel_Rarely,5,No,23,3,0,0-1 yr,0,0,0,Promoted <=1yr,3,2,4,4,4,3,3,No,0.3645,Moderate
1181,37,Male,Married,Research & Development,Healthcare Representative,Medical,3,3,6159,6K-10K,20,1,Travel_Rarely,1,No,14,3,2,2-3 yr,1,2,0,Not Recently Promoted,2,4,3,2,4,3,4,No,0.3152,Moderate
1182,39,Male,Divorced,Research & Development,Research Director,Technical Degree,3,4,10135,10K-15K,14,0,Travel_Rarely,23,No,18,2,6,4-6 yr,0,2,1,Not Recently Promoted,3,3,1,3,3,4,3,No,0.4725,Moderate
1183,55,Female,Single,Research & Development,Manager,Medical,5,5,14325,10K-15K,16,0,Travel_Frequently,18,No,32,4,3,2-3 yr,0,1,3,Promoted <=1yr,3,4,2,1,4,3,3,No,0.5248,High
1184,39,Male,Married,Sales,Sales Executive,Marketing,4,3,6944,6K-10K,13,0,Travel_Rarely,12,Yes,16,1,3,2-3 yr,0,2,2,Not Recently Promoted,4,2,3,1,3,3,3,No,0.6773,High
1185,30,Female,Single,Sales,Sales Representative,Life Sciences,4,3,7342,6K-10K,11,0,Travel_Frequently,8,Yes,9,1,5,4-6 yr,0,2,5,Not Recently Promoted,1,4,4,4,2,4,3,Yes,0.4266,Moderate
1186,34,Male,Married,Sales,Sales Representative,Life Sciences,5,3,4083,3K-6K,15,2,Travel_Frequently,15,No,13,3,2,2-3 yr,2,0,0,Promoted <=1yr,6,3,2,4,3,2,3,Yes,0.6687,High
1187,18,Male,Married,Sales,Manager,Marketing,4,2,4359,3K-6K,21,0,Travel_Rarely,1,No,0,2,0,0-1 yr,0,0,0,Promoted <=1yr,2,2,3,2,3,4,3,No,0.4571,Moderate
1188,60,Male,Married,Research & Development,Manager,Technical Degree,3,5,9969,6K-10K,11,1,Travel_Frequently,1,No,37,5,3,2-3 yr,1,0,3,Promoted <=1yr,1,1,4,3,2,3,3,No,0.4122,Moderate
1189,39,Female,Single,Research & Development,Manager,Medical,4,5,20000,15K+ (High),11,0,Travel_Rarely,9,No,19,4,2,2-3 yr,2,0,0,Promoted <=1yr,2,2,2,3,4,2,3,No,0.5121,High
1190,28,Male,Married,Sales,Sales Representative,Other,3,2,6158,6K-10K,15,2,Non-Travel,1,No,8,2,1,0-1 yr,1,1,0,Promoted <=1yr,3,4,3,4,4,3,3,No,0.3008,Moderate
1191,24,Male,Married,Sales,Manager,Other,3,1,2556,<3K (Low),15,1,Travel_Rarely,15,No,2,2,2,2-3 yr,2,2,2,Not Recently Promoted,6,1,1,1,3,2,3,No,0.8059,Critical
1192,38,Female,Single,Research & Development,Research Director,Other,4,4,6182,6K-10K,17,0,Travel_Rarely,3,No,16,4,10,7-10 yr,2,0,0,Promoted <=1yr,1,4,2,3,3,3,3,No,0.3567,Moderate
1193,21,Male,Single,Research & Development,Healthcare Representative,Other,3,1,2046,<3K (Low),16,0,Travel_Frequently,6,Yes,0,4,0,0-1 yr,0,0,0,Promoted <=1yr,2,3,2,2,3,3,3,Yes,0.8727,Critical
1194,36,Female,Married,Research & Development,Healthcare Representative,Technical Degree,3,3,8185,6K-10K,18,0,Travel_Frequently,6,No,12,1,1,0-1 yr,1,1,1,Promoted <=1yr,3,3,2,3,2,2,3,No,0.4842,Moderate
1195,41,Male,Married,Research & Development,Research Director,Other,4,4,9717,6K-10K,14,0,Travel_Rarely,11,Yes,17,2,1,0-1 yr,1,1,0,Promoted <=1yr,3,3,4,4,1,4,3,No,0.4032,Moderate
1196,47,Male,Married,Research & Development,Research Director,Life Sciences,4,5,13676,10K-15K,15,1,Non-Travel,5,No,25,3,1,0-1 yr,1,1,1,Promoted <=1yr,4,4,2,2,3,2,4,No,0.2306,Low
1197,33,Male,Married,Research & Development,Manufacturing Director,Technical Degree,4,2,4676,3K-6K,17,0,Travel_Rarely,4,No,11,5,2,2-3 yr,0,1,0,Promoted <=1yr,4,4,1,4,3,3,4,No,0.5404,High
1198,48,Female,Married,Research & Development,Laboratory Technician,Life Sciences,3,5,16786,15K+ (High),11,0,Non-Travel,3,No,24,5,0,0-1 yr,0,0,0,Promoted <=1yr,0,4,4,3,3,1,4,No,0.0989,Low
1199,23,Male,Married,Sales,Sales Executive,Other,4,2,5022,3K-6K,21,0,Travel_Frequently,3,Yes,3,0,3,2-3 yr,0,0,0,Promoted <=1yr,4,3,4,2,3,3,3,No,0.7324,High
1200,34,Male,Married,Research & Development,Manager,Life Sciences,2,3,5514,3K-6K,14,2,Travel_Frequently,7,No,13,3,3,2-3 yr,2,0,3,Promoted <=1yr,3,1,1,2,3,3,3,Yes,0.7378,High
1201,26,Male,Divorced,Sales,Sales Executive,Life Sciences,2,1,2570,<3K (Low),22,2,Travel_Frequently,1,Yes,3,2,3,2-3 yr,3,0,1,Promoted <=1yr,5,3,2,3,2,3,3,Yes,0.775,Critical
1202,32,Male,Divorced,Research & Development,Healthcare Representative,Life Sciences,3,2,5909,3K-6K,16,0,Travel_Rarely,3,No,11,1,0,0-1 yr,0,0,0,Promoted <=1yr,1,1,3,1,2,3,3,No,0.5402,High
1203,27,Female,Married,Research & Development,Laboratory Technician,Medical,4,1,2632,<3K (Low),11,3,Travel_Rarely,18,Yes,5,3,4,4-6 yr,0,4,1,Not Recently Promoted,0,4,3,4,2,2,3,Yes,0.479,Moderate
1204,41,Female,Married,Sales,Sales Executive,Other,3,4,14032,10K-15K,18,0,Travel_Rarely,20,No,19,5,1,0-1 yr,1,0,1,Promoted <=1yr,4,4,2,4,1,3,3,No,0.2906,Moderate
1205,24,Male,Divorced,Research & Development,Healthcare Representative,Medical,2,1,2561,<3K (Low),14,3,Travel_Rarely,17,No,1,2,1,0-1 yr,0,1,0,Promoted <=1yr,5,4,2,3,3,3,3,Yes,0.6374,High
1206,18,Male,Married,Research & Development,Manufacturing Director,Life Sciences,3,1,2681,<3K (Low),16,1,Travel_Rarely,6,No,0,1,0,0-1 yr,0,0,0,Promoted <=1yr,4,2,2,3,2,3,3,No,0.6238,High
1207,36,Male,Married,Research & Development,Healthcare Representative,Technical Degree,3,3,7859,6K-10K,11,0,Travel_Frequently,1,No,16,6,7,7-10 yr,0,1,1,Promoted <=1yr,1,2,4,3,4,3,3,Yes,0.3761,Moderate
1208,41,Male,Single,Research & Development,Manufacturing Director,Medical,4,4,11214,10K-15K,17,1,Travel_Rarely,5,No,20,3,3,2-3 yr,3,0,3,Promoted <=1yr,2,1,1,4,2,4,3,Yes,0.4628,Moderate
1209,30,Male,Divorced,Sales,Sales Executive,Other,3,2,4401,3K-6K,14,2,Travel_Frequently,4,No,8,3,2,2-3 yr,0,0,0,Promoted <=1yr,1,4,4,4,4,4,3,No,0.3576,Moderate
1210,30,Male,Married,Research & Development,Laboratory Technician,Technical Degree,5,3,5614,3K-6K,16,1,Travel_Rarely,1,No,8,3,1,0-1 yr,1,0,0,Promoted <=1yr,1,3,2,3,4,3,4,No,0.3099,Moderate
1211,42,Male,Divorced,Human Resources,Human Resources,Other,1,4,10059,10K-15K,13,0,Travel_Frequently,10,No,19,4,2,2-3 yr,0,0,2,Promoted <=1yr,2,1,4,3,4,3,3,No,0.6576,High
1212,54,Male,Single,Sales,Sales Executive,Other,3,5,8406,6K-10K,14,0,Travel_Rarely,13,No,25,1,2,2-3 yr,0,0,0,Promoted <=1yr,5,4,3,4,3,3,3,No,0.3478,Moderate
1213,56,Female,Single,Human Resources,Human Resources,Other,4,5,16020,15K+ (High),18,3,Travel_Rarely,15,Yes,35,2,1,0-1 yr,0,1,0,Promoted <=1yr,2,3,4,3,3,3,3,Yes,0.5425,High
1214,29,Female,Single,Research & Development,Healthcare Representative,Medical,4,1,2894,<3K (Low),12,0,Travel_Rarely,5,No,5,3,5,4-6 yr,5,1,5,Promoted <=1yr,5,4,4,4,4,3,3,Yes,0.3435,Moderate
1215,36,Male,Single,Research & Development,Research Director,Technical Degree,3,3,4940,3K-6K,17,0,Travel_Rarely,9,No,14,3,6,4-6 yr,0,1,0,Promoted <=1yr,4,1,3,3,4,3,4,Yes,0.666,High
1216,39,Female,Married,Sales,Sales Representative,Marketing,4,4,12495,10K-15K,15,0,Travel_Frequently,1,Yes,18,0,3,2-3 yr,0,1,0,Promoted <=1yr,1,3,4,2,4,4,3,No,0.3525,Moderate
1217,34,Male,Married,Sales,Manager,Life Sciences,4,4,12465,10K-15K,14,1,Travel_Rarely,6,No,12,2,12,10+ yr,6,1,4,Promoted <=1yr,1,4,1,3,3,3,3,No,0.1107,Low
1218,46,Female,Divorced,Sales,Manager,Other,2,4,10385,10K-15K,17,1,Travel_Frequently,6,No,23,1,0,0-1 yr,0,0,0,Promoted <=1yr,1,3,2,3,3,2,3,Yes,0.4256,Moderate
1219,34,Male,Married,Sales,Manager,Other,4,3,7674,6K-10K,20,2,Travel_Rarely,16,No,10,3,2,2-3 yr,2,2,1,Not Recently Promoted,6,1,3,1,3,3,3,No,0.6344,High
1220,31,Male,Married,Research & Development,Healthcare Representative,Medical,3,2,5763,3K-6K,11,1,Travel_Rarely,4,Yes,9,3,9,7-10 yr,4,1,7,Promoted <=1yr,3,4,2,2,3,2,3,No,0.3885,Moderate
1221,52,Male,Single,Sales,Manager,Life Sciences,4,5,19081,15K+ (High),20,0,Travel_Rarely,8,No,31,2,3,2-3 yr,0,0,0,Promoted <=1yr,1,3,1,4,1,2,3,No,0.2277,Low
1222,48,Female,Divorced,Research & Development,Manager,Life Sciences,3,5,19890,15K+ (High),17,1,Travel_Rarely,3,Yes,26,0,6,4-6 yr,4,2,4,Not Recently Promoted,1,3,4,4,3,2,3,No,0.3109,Moderate
1223,52,Male,Married,Human Resources,Manager,Other,1,5,20000,15K+ (High),13,0,Travel_Rarely,3,No,30,1,0,0-1 yr,0,0,0,Promoted <=1yr,1,4,1,4,2,2,3,No,0.1432,Low
1224,53,Male,Single,Research & Development,Manager,Other,2,5,18501,15K+ (High),17,0,Travel_Rarely,1,No,30,1,0,0-1 yr,0,0,0,Promoted <=1yr,5,3,1,3,2,3,3,No,0.3866,Moderate
1225,48,Female,Married,Research & Development,Manufacturing Director,Medical,3,5,13453,10K-15K,15,0,Non-Travel,8,No,26,2,24,10+ yr,0,0,5,Promoted <=1yr,2,3,2,2,3,3,3,No,0.1432,Low
1226,37,Male,Single,Human Resources,Manager,Human Resources,4,4,10015,10K-15K,11,2,Travel_Rarely,1,Yes,14,4,0,0-1 yr,0,0,0,Promoted <=1yr,2,4,1,1,2,3,3,No,0.6314,High
1227,33,Male,Divorced,Research & Development,Healthcare Representative,Other,2,2,3751,3K-6K,20,1,Travel_Rarely,7,No,11,1,11,10+ yr,1,0,0,Promoted <=1yr,4,4,4,4,2,2,3,Yes,0.3813,Moderate
1228,33,Male,Married,Research & Development,Manager,Medical,4,4,13546,10K-15K,14,2,Travel_Frequently,12,Yes,13,4,1,0-1 yr,0,1,0,Promoted <=1yr,5,3,2,4,1,3,3,No,0.731,High
1229,41,Male,Single,Research & Development,Research Director,Life Sciences,3,4,14830,10K-15K,11,1,Travel_Rarely,14,No,20,4,2,2-3 yr,2,0,2,Promoted <=1yr,4,3,3,3,3,3,3,No,0.3589,Moderate
1230,36,Male,Single,Research & Development,Research Scientist,Life Sciences,3,3,10728,10K-15K,18,0,Travel_Rarely,6,No,16,1,0,0-1 yr,0,0,0,Promoted <=1yr,2,3,4,2,2,1,3,No,0.4189,Moderate
1231,35,Male,Married,Research & Development,Research Scientist,Other,3,3,5794,3K-6K,16,0,Travel_Rarely,5,Yes,13,5,13,10+ yr,6,0,0,Promoted <=1yr,6,3,1,1,4,3,3,No,0.6539,High
1232,39,Male,Married,Research & Development,Research Director,Life Sciences,3,4,11381,10K-15K,20,1,Travel_Rarely,1,Yes,19,1,3,2-3 yr,3,1,3,Promoted <=1yr,3,2,4,4,3,3,3,No,0.3588,Moderate
1233,55,Female,Married,Research & Development,Laboratory Technician,Life Sciences,5,5,16157,15K+ (High),15,1,Travel_Rarely,1,No,31,3,6,4-6 yr,1,0,3,Promoted <=1yr,5,3,3,1,3,3,3,No,0.0966,Low
1234,36,Male,Married,Research & Development,Manager,Other,3,3,5232,3K-6K,11,0,Travel_Rarely,9,No,16,5,1,0-1 yr,1,0,1,Promoted <=1yr,3,4,1,4,3,4,3,No,0.4158,Moderate
1235,37,Male,Single,Research & Development,Healthcare Representative,Medical,4,4,13715,10K-15K,18,0,Travel_Frequently,18,No,15,3,4,4-6 yr,3,0,2,Promoted <=1yr,3,4,3,4,3,2,4,Yes,0.4567,Moderate
1236,36,Female,Married,Research & Development,Manufacturing Director,Technical Degree,3,3,9652,6K-10K,17,1,Travel_Rarely,3,No,15,2,0,0-1 yr,0,0,0,Promoted <=1yr,2,4,3,4,2,2,3,No,0.2279,Low
1237,48,Female,Divorced,Human Resources,Manager,Human Resources,4,5,17669,15K+ (High),14,2,Travel_Rarely,5,Yes,25,3,7,7-10 yr,7,1,2,Promoted <=1yr,3,2,4,2,3,2,3,No,0.4019,Moderate
1238,36,Male,Divorced,Sales,Sales Representative,Life Sciences,4,4,12067,10K-15K,13,1,Travel_Frequently,6,No,14,2,2,2-3 yr,2,1,0,Promoted <=1yr,1,1,4,4,3,3,4,No,0.421,Moderate
1239,40,Male,Divorced,Research & Development,Healthcare Representative,Medical,3,4,13224,10K-15K,14,1,Travel_Frequently,8,Yes,19,3,3,2-3 yr,1,3,3,Not Recently Promoted,4,1,1,4,3,3,3,Yes,0.7756,Critical
1240,27,Male,Married,Sales,Sales Representative,Other,2,2,4899,3K-6K,11,1,Travel_Rarely,11,No,6,0,1,0-1 yr,0,0,0,Promoted <=1yr,5,1,3,2,3,3,4,No,0.5497,High
1241,27,Male,Married,Sales,Sales Executive,Marketing,2,2,3887,3K-6K,11,0,Travel_Frequently,12,No,7,2,6,4-6 yr,0,0,0,Promoted <=1yr,2,3,2,1,3,3,3,Yes,0.5505,High
1242,44,Male,Married,Research & Development,Research Director,Other,2,4,10433,10K-15K,15,0,Travel_Rarely,3,No,23,3,4,4-6 yr,2,1,0,Promoted <=1yr,5,3,3,3,4,2,3,No,0.3193,Moderate
1243,32,Male,Married,Research & Development,Laboratory Technician,Technical Degree,2,2,5313,3K-6K,14,2,Travel_Rarely,4,No,11,3,3,2-3 yr,3,3,0,Not Recently Promoted,2,4,1,3,2,3,3,No,0.3074,Moderate
1244,44,Female,Divorced,Sales,Manager,Other,1,4,14292,10K-15K,17,0,Travel_Rarely,9,Yes,20,5,5,4-6 yr,1,0,1,Promoted <=1yr,1,1,4,3,2,1,3,No,0.6693,High
1245,45,Male,Divorced,Research & Development,Manager,Other,1,5,20000,15K+ (High),14,0,Travel_Rarely,10,Yes,25,2,1,0-1 yr,1,1,1,Promoted <=1yr,3,4,1,4,3,3,4,Yes,0.4929,Moderate
1246,35,Male,Married,Research & Development,Manager,Life Sciences,1,3,6540,6K-10K,11,0,Travel_Frequently,14,No,13,2,13,10+ yr,0,1,0,Promoted <=1yr,5,3,3,4,3,3,4,Yes,0.551,High
1247,45,Male,Married,Sales,Manager,Marketing,3,5,19718,15K+ (High),14,0,Non-Travel,2,Yes,24,2,4,4-6 yr,4,0,1,Promoted <=1yr,1,1,3,2,3,2,4,No,0.3742,Moderate
1248,41,Female,Divorced,Research & Development,Manufacturing Director,Life Sciences,3,4,11505,10K-15K,12,1,Travel_Rarely,11,No,20,0,5,4-6 yr,1,0,1,Promoted <=1yr,1,4,1,4,3,2,3,No,0.2989,Moderate
1249,24,Female,Married,Research & Development,Manufacturing Director,Life Sciences,3,1,3615,3K-6K,17,0,Travel_Frequently,28,No,1,5,1,0-1 yr,1,1,1,Promoted <=1yr,1,2,3,4,4,2,3,No,0.785,Critical
1250,23,Male,Married,Human Resources,Human Resources,Other,4,1,3467,3K-6K,21,2,Travel_Rarely,21,Yes,1,1,1,0-1 yr,1,0,0,Promoted <=1yr,2,2,4,4,3,3,3,Yes,0.8188,Critical
1251,44,Male,Married,Sales,Sales Representative,Marketing,3,4,14880,10K-15K,16,0,Travel_Frequently,1,No,21,4,3,2-3 yr,3,1,1,Promoted <=1yr,1,3,4,4,3,3,3,No,0.185,Low
1252,38,Male,Single,Research & Development,Manager,Life Sciences,4,4,9857,6K-10K,13,1,Travel_Rarely,4,No,14,2,2,2-3 yr,0,2,0,Not Recently Promoted,2,3,4,3,4,2,3,No,0.5835,High
1253,24,Female,Married,Research & Development,Laboratory Technician,Other,3,1,2988,<3K (Low),15,1,Travel_Rarely,22,Yes,1,1,1,0-1 yr,1,1,1,Promoted <=1yr,1,1,3,2,3,3,3,No,0.6897,High
1254,31,Male,Married,Research & Development,Research Scientist,Technical Degree,4,3,6776,6K-10K,17,1,Travel_Rarely,3,No,9,2,0,0-1 yr,0,0,0,Promoted <=1yr,2,2,4,4,3,4,3,No,0.2915,Moderate
1255,48,Female,Married,Sales,Sales Representative,Other,4,5,18288,15K+ (High),14,0,Travel_Frequently,5,Yes,26,3,4,4-6 yr,0,1,2,Promoted <=1yr,1,4,4,4,3,2,3,Yes,0.2783,Moderate
1256,41,Female,Divorced,Research & Development,Healthcare Representative,Other,3,4,12120,10K-15K,14,0,Travel_Rarely,9,No,20,1,0,0-1 yr,0,0,0,Promoted <=1yr,3,2,2,3,4,3,4,Yes,0.4264,Moderate
1257,24,Male,Married,Sales,Manager,Other,5,2,5313,3K-6K,15,1,Travel_Rarely,4,No,0,1,0,0-1 yr,0,0,0,Promoted <=1yr,1,4,4,4,4,2,3,No,0.2876,Moderate
1258,36,Male,Married,Research & Development,Research Scientist,Other,4,3,9998,6K-10K,23,1,Travel_Rarely,4,No,14,4,1,0-1 yr,0,0,1,Promoted <=1yr,1,2,3,3,3,3,3,No,0.3558,Moderate
1259,46,Male,Divorced,Research & Development,Research Director,Other,2,5,20000,15K+ (High),18,1,Travel_Rarely,1,No,25,1,5,4-6 yr,1,0,0,Promoted <=1yr,3,3,3,4,3,3,4,No,0.1305,Low
1260,38,Female,Married,Sales,Sales Executive,Marketing,3,3,8800,6K-10K,11,2,Travel_Rarely,6,No,17,1,2,2-3 yr,1,1,1,Promoted <=1yr,1,3,3,3,3,2,4,No,0.284,Moderate
1261,34,Female,Married,Sales,Sales Executive,Life Sciences,4,3,7680,6K-10K,19,1,Travel_Frequently,5,No,13,1,3,2-3 yr,0,0,0,Promoted <=1yr,2,4,4,4,3,3,3,No,0.2736,Moderate
1262,24,Male,Married,Research & Development,Research Scientist,Technical Degree,3,1,3703,3K-6K,16,3,Travel_Rarely,1,Yes,1,2,1,0-1 yr,1,0,1,Promoted <=1yr,2,1,3,4,1,3,3,No,0.6306,High
1263,22,Male,Married,Sales,Manager,Marketing,3,1,2362,<3K (Low),20,1,Travel_Rarely,29,Yes,1,2,1,0-1 yr,1,1,1,Promoted <=1yr,4,4,3,1,3,4,3,Yes,0.7186,High
1264,27,Male,Divorced,Research & Development,Laboratory Technician,Medical,2,1,3717,3K-6K,14,2,Travel_Rarely,9,Yes,4,4,0,0-1 yr,0,0,0,Promoted <=1yr,3,4,1,4,2,3,3,No,0.5862,High
1265,60,Female,Single,Research & Development,Manager,Technical Degree,4,5,16163,15K+ (High),11,0,Travel_Rarely,13,No,39,4,7,7-10 yr,1,0,2,Promoted <=1yr,2,3,2,1,3,3,3,No,0.269,Moderate
1266,55,Male,Single,Sales,Sales Representative,Marketing,4,5,19381,15K+ (High),15,3,Travel_Rarely,1,Yes,32,2,0,0-1 yr,0,0,0,Promoted <=1yr,3,3,3,1,3,3,3,No,0.3689,Moderate
1267,30,Male,Single,Sales,Manager,Marketing,4,3,9099,6K-10K,14,0,Non-Travel,3,No,7,0,1,0-1 yr,0,1,1,Promoted <=1yr,4,3,3,4,4,2,3,No,0.4289,Moderate
1268,36,Male,Single,Research & Development,Research Scientist,Medical,4,4,10159,10K-15K,16,1,Travel_Rarely,2,No,14,1,9,7-10 yr,0,5,2,Not Recently Promoted,1,3,3,4,2,2,3,Yes,0.3347,Moderate
1269,41,Female,Married,Sales,Sales Executive,Life Sciences,3,4,9705,6K-10K,17,3,Travel_Rarely,1,No,19,3,14,10+ yr,2,9,0,Not Recently Promoted,6,2,1,3,3,2,3,No,0.6349,High
1270,50,Male,Married,Research & Development,Healthcare Representative,Other,3,5,14813,10K-15K,18,0,Travel_Frequently,3,No,30,3,1,0-1 yr,1,1,1,Promoted <=1yr,3,4,4,1,3,3,4,No,0.2015,Low
1271,23,Female,Married,Research & Development,Manufacturing Director,Life Sciences,3,1,2519,<3K (Low),18,2,Travel_Frequently,2,No,2,2,2,2-3 yr,0,0,2,Promoted <=1yr,0,4,3,2,4,4,3,No,0.3362,Moderate
1272,36,Male,Married,Sales,Sales Representative,Life Sciences,3,3,6311,6K-10K,15,0,Travel_Rarely,21,No,13,2,13,10+ yr,3,2,0,Not Recently Promoted,2,3,3,3,1,4,3,No,0.2282,Low
1273,41,Female,Single,Sales,Sales Executive,Marketing,2,4,12171,10K-15K,17,2,Non-Travel,1,No,19,0,6,4-6 yr,1,0,1,Promoted <=1yr,4,1,1,1,1,2,3,Yes,0.5512,High
1274,29,Male,Single,Research & Development,Manager,Medical,3,2,4260,3K-6K,13,1,Travel_Rarely,1,No,8,1,8,7-10 yr,2,1,1,Promoted <=1yr,0,3,4,1,3,3,3,Yes,0.4846,Moderate
1275,36,Female,Married,Research & Development,Research Scientist,Life Sciences,3,3,6839,6K-10K,12,1,Travel_Frequently,1,Yes,15,0,1,0-1 yr,1,0,1,Promoted <=1yr,3,4,3,4,1,4,3,No,0.315,Moderate
1276,25,Female,Divorced,Research & Development,Manager,Medical,3,1,3121,3K-6K,14,2,Travel_Frequently,1,No,3,0,3,2-3 yr,0,2,0,Not Recently Promoted,3,1,2,3,3,3,3,Yes,0.7774,Critical
1277,40,Male,Single,Research & Development,Laboratory Technician,Other,4,5,15187,15K+ (High),24,0,Travel_Rarely,1,No,18,6,0,0-1 yr,0,0,0,Promoted <=1yr,1,4,4,3,3,2,3,No,0.2596,Moderate
1278,30,Female,Single,Research & Development,Healthcare Representative,Life Sciences,2,1,3734,3K-6K,14,1,Travel_Rarely,5,Yes,3,0,1,0-1 yr,1,1,1,Promoted <=1yr,2,2,4,1,3,2,3,Yes,0.76,Critical
1279,42,Female,Married,Research & Development,Research Scientist,Medical,3,4,13855,10K-15K,13,3,Non-Travel,9,No,20,1,0,0-1 yr,0,0,0,Promoted <=1yr,0,3,1,4,3,2,3,No,0.2257,Low
1280,35,Male,Married,Sales,Sales Representative,Life Sciences,5,3,7192,6K-10K,13,1,Travel_Rarely,5,No,9,3,1,0-1 yr,1,0,0,Promoted <=1yr,4,1,1,3,3,2,3,No,0.5677,High
1281,34,Male,Single,Research & Development,Research Scientist,Life Sciences,1,3,8314,6K-10K,17,1,Travel_Rarely,5,No,14,6,10,7-10 yr,2,2,2,Not Recently Promoted,5,1,4,3,4,2,3,Yes,0.7093,High
1282,35,Male,Married,Research & Development,Research Scientist,Other,3,3,8776,6K-10K,21,2,Travel_Rarely,9,No,14,2,2,2-3 yr,0,0,0,Promoted <=1yr,6,1,3,3,2,1,3,No,0.539,High
1283,38,Male,Single,Research & Development,Research Director,Technical Degree,4,4,7153,6K-10K,11,1,Travel_Rarely,5,Yes,17,3,1,0-1 yr,1,1,0,Promoted <=1yr,3,4,4,4,3,3,3,Yes,0.4942,Moderate
1284,38,Male,Single,Research & Development,Manager,Technical Degree,3,3,6908,6K-10K,13,2,Travel_Rarely,8,No,17,5,0,0-1 yr,0,0,0,Promoted <=1yr,2,3,3,4,3,4,4,Yes,0.557,High
1285,18,Female,Divorced,Sales,Sales Representative,Life Sciences,1,1,2586,<3K (Low),14,0,Travel_Rarely,6,Yes,0,3,0,0-1 yr,0,0,0,Promoted <=1yr,3,3,3,3,2,3,3,No,0.743,High
1286,26,Male,Divorced,Research & Development,Laboratory Technician,Other,3,1,2420,<3K (Low),19,2,Travel_Rarely,19,Yes,3,3,3,2-3 yr,0,1,3,Promoted <=1yr,3,1,3,1,3,3,3,Yes,0.7998,Critical
1287,22,Female,Divorced,Research & Development,Manager,Other,2,1,1885,<3K (Low),11,1,Travel_Rarely,2,No,0,3,0,0-1 yr,0,0,0,Promoted <=1yr,0,2,2,3,4,4,3,No,0.6205,High
1288,38,Male,Single,Research & Development,Manager,Technical Degree,3,3,8888,6K-10K,19,2,Travel_Rarely,2,No,17,4,5,4-6 yr,5,1,3,Promoted <=1yr,4,1,4,2,4,3,3,Yes,0.6821,High
1289,24,Male,Single,Research & Development,Research Scientist,Medical,1,1,2648,<3K (Low),16,1,Travel_Rarely,1,No,4,1,4,4-6 yr,0,2,0,Not Recently Promoted,2,4,1,4,1,3,3,No,0.4671,Moderate
1290,26,Male,Married,Research & Development,Healthcare Representative,Medical,4,1,2734,<3K (Low),13,0,Travel_Rarely,20,No,2,3,0,0-1 yr,0,0,0,Promoted <=1yr,5,4,3,4,3,2,3,No,0.5579,High
1291,30,Male,Married,Research & Development,Research Director,Other,3,2,4269,3K-6K,22,0,Travel_Rarely,10,No,8,0,0,0-1 yr,0,0,0,Promoted <=1yr,5,4,4,3,3,1,3,Yes,0.4446,Moderate
1292,22,Male,Married,Research & Development,Research Scientist,Technical Degree,2,1,3166,3K-6K,15,1,Travel_Frequently,21,No,0,3,0,0-1 yr,0,0,0,Promoted <=1yr,2,2,3,2,3,3,3,Yes,0.6878,High
1293,25,Male,Married,Research & Development,Manager,Other,2,1,2477,<3K (Low),21,0,Travel_Rarely,7,No,3,4,1,0-1 yr,1,1,0,Promoted <=1yr,2,4,3,3,3,3,3,No,0.5911,High
1294,39,Male,Single,Research & Development,Manufacturing Director,Medical,3,3,7082,6K-10K,13,2,Travel_Rarely,7,Yes,16,3,10,7-10 yr,1,0,7,Promoted <=1yr,2,4,4,4,1,2,3,No,0.3988,Moderate
1295,26,Male,Married,Sales,Sales Executive,Life Sciences,3,1,2471,<3K (Low),17,0,Travel_Frequently,10,No,4,1,0,0-1 yr,0,0,0,Promoted <=1yr,3,3,3,4,3,2,3,No,0.5738,High
1296,33,Male,Single,Sales,Sales Executive,Life Sciences,4,4,7971,6K-10K,18,1,Travel_Frequently,6,No,12,4,12,10+ yr,2,3,0,Not Recently Promoted,2,3,4,4,2,2,3,No,0.6432,High
1297,38,Female,Divorced,Research & Development,Manufacturing Director,Medical,3,3,7443,6K-10K,11,0,Travel_Frequently,21,No,16,0,2,2-3 yr,2,0,2,Promoted <=1yr,5,4,2,3,3,3,3,Yes,0.5151,High
1298,30,Male,Divorced,Research & Development,Laboratory Technician,Technical Degree,3,2,4921,3K-6K,16,3,Travel_Rarely,4,Yes,7,5,7,7-10 yr,7,1,3,Promoted <=1yr,3,1,3,2,1,4,3,No,0.57,High
1299,23,Female,Married,Sales,Sales Executive,Life Sciences,3,1,4045,3K-6K,12,0,Non-Travel,4,No,2,0,2,2-3 yr,0,0,0,Promoted <=1yr,2,2,2,1,3,3,3,No,0.4585,Moderate
1300,18,Female,Married,Sales,Sales Executive,Marketing,3,1,2145,<3K (Low),20,1,Travel_Frequently,21,No,0,1,0,0-1 yr,0,0,0,Promoted <=1yr,6,1,4,3,1,3,4,Yes,0.6742,High
1301,25,Male,Divorced,Research & Development,Manager,Life Sciences,4,2,4334,3K-6K,14,0,Travel_Rarely,4,No,4,5,4,4-6 yr,3,2,0,Not Recently Promoted,0,2,4,4,2,3,3,No,0.6309,High
1302,31,Female,Married,Sales,Manager,Life Sciences,1,2,3792,3K-6K,15,0,Travel_Rarely,7,Yes,8,3,8,7-10 yr,0,0,0,Promoted <=1yr,1,1,1,3,4,3,4,Yes,0.7675,Critical
1303,37,Male,Married,Research & Development,Research Director,Medical,4,4,11796,10K-15K,18,3,Travel_Rarely,13,No,14,5,3,2-3 yr,2,3,2,Not Recently Promoted,1,4,3,2,2,1,3,No,0.3191,Moderate
1304,31,Male,Married,Sales,Sales Executive,Other,3,2,5436,3K-6K,15,0,Travel_Frequently,20,No,7,1,2,2-3 yr,2,2,2,Not Recently Promoted,2,4,4,2,3,3,3,No,0.3955,Moderate
1305,29,Male,Married,Sales,Manager,Marketing,2,2,4904,3K-6K,13,0,Travel_Rarely,9,Yes,7,4,3,2-3 yr,0,0,0,Promoted <=1yr,3,1,1,3,4,3,3,No,0.7918,Critical
1306,42,Male,Single,Research & Development,Laboratory Technician,Medical,3,4,13697,10K-15K,13,3,Travel_Rarely,3,Yes,19,3,2,2-3 yr,0,0,2,Promoted <=1yr,6,2,4,3,4,3,4,Yes,0.5456,High
1307,46,Male,Married,Sales,Manager,Life Sciences,3,5,19345,15K+ (High),18,1,Travel_Frequently,2,No,26,0,2,2-3 yr,2,0,2,Promoted <=1yr,1,2,3,2,3,3,3,No,0.1208,Low
1308,37,Male,Married,Research & Development,Manager,Medical,2,3,9502,6K-10K,13,1,Travel_Rarely,4,No,17,1,4,4-6 yr,0,0,0,Promoted <=1yr,2,3,4,2,3,1,3,No,0.4323,Moderate
1309,21,Male,Single,Research & Development,Laboratory Technician,Life Sciences,4,2,5120,3K-6K,17,1,Travel_Frequently,27,No,0,4,0,0-1 yr,0,0,0,Promoted <=1yr,5,4,4,4,2,3,3,No,0.6032,High
1310,23,Male,Divorced,Research & Development,Manager,Medical,4,1,3327,3K-6K,14,0,Travel_Rarely,1,No,2,2,2,2-3 yr,2,0,2,Promoted <=1yr,1,3,1,3,3,2,3,No,0.6637,High
1311,21,Male,Single,Sales,Sales Executive,Marketing,3,1,2593,<3K (Low),18,1,Travel_Rarely,5,No,0,4,0,0-1 yr,0,0,0,Promoted <=1yr,1,2,4,3,2,3,3,Yes,0.66,High
1312,39,Female,Single,Research & Development,Research Scientist,Technical Degree,3,3,7615,6K-10K,20,1,Non-Travel,3,No,16,1,0,0-1 yr,0,0,0,Promoted <=1yr,5,2,3,4,2,2,3,Yes,0.5656,High
1313,35,Female,Married,Sales,Sales Representative,Marketing,4,3,6914,6K-10K,12,0,Travel_Rarely,12,No,11,2,4,4-6 yr,1,3,4,Not Recently Promoted,5,1,4,4,1,2,4,No,0.36,Moderate
1314,44,Male,Married,Research & Development,Manager,Medical,4,5,16648,15K+ (High),15,3,Travel_Rarely,1,No,21,2,2,2-3 yr,2,0,0,Promoted <=1yr,1,3,2,2,3,2,3,No,0.2944,Moderate
1315,34,Female,Single,Research & Development,Healthcare Representative,Other,3,2,5005,3K-6K,12,0,Travel_Frequently,1,No,10,2,1,0-1 yr,1,1,0,Promoted <=1yr,4,2,3,4,3,3,3,Yes,0.6589,High
1316,26,Female,Divorced,Research & Development,Research Scientist,Life Sciences,4,1,2923,<3K (Low),16,0,Travel_Frequently,9,No,4,1,4,4-6 yr,0,0,2,Promoted <=1yr,3,4,4,2,3,2,3,Yes,0.3809,Moderate
1317,34,Female,Single,Sales,Manager,Other,1,3,7662,6K-10K,16,1,Travel_Rarely,6,No,14,1,4,4-6 yr,3,0,4,Promoted <=1yr,3,3,2,1,3,1,3,No,0.5018,High
1318,48,Male,Married,Research & Development,Research Scientist,Medical,3,5,18411,15K+ (High),22,1,Travel_Rarely,9,No,24,7,2,2-3 yr,0,2,2,Not Recently Promoted,3,4,2,2,3,2,3,Yes,0.2776,Moderate
1319,31,Male,Single,Sales,Sales Executive,Life Sciences,1,1,3098,3K-6K,11,0,Travel_Rarely,29,Yes,5,4,1,0-1 yr,1,0,1,Promoted <=1yr,5,4,3,4,2,3,4,No,0.7627,Critical
1320,38,Female,Single,Research & Development,Healthcare Representative,Life Sciences,4,3,5413,3K-6K,11,0,Travel_Rarely,8,No,15,0,2,2-3 yr,2,0,1,Promoted <=1yr,5,4,3,4,3,3,3,No,0.3851,Moderate
1321,33,Male,Married,Sales,Manager,Other,1,3,5829,3K-6K,11,1,Non-Travel,1,No,12,4,2,2-3 yr,2,2,0,Not Recently Promoted,6,3,3,3,2,3,3,No,0.4673,Moderate
1322,40,Female,Divorced,Research & Development,Research Director,Other,4,4,9358,6K-10K,13,0,Travel_Frequently,1,No,19,2,1,0-1 yr,1,1,1,Promoted <=1yr,2,4,3,4,2,2,3,Yes,0.2934,Moderate
1323,22,Male,Married,Sales,Sales Executive,Marketing,4,1,2817,<3K (Low),18,2,Travel_Rarely,2,No,0,4,0,0-1 yr,0,0,0,Promoted <=1yr,5,3,2,3,4,3,3,No,0.5499,High
1324,21,Female,Married,Research & Development,Manufacturing Director,Technical Degree,2,1,2758,<3K (Low),12,2,Travel_Rarely,7,Yes,0,2,0,0-1 yr,0,0,0,Promoted <=1yr,2,1,3,4,2,2,3,Yes,0.7965,Critical
1325,37,Female,Married,Research & Development,Research Director,Technical Degree,3,3,6611,6K-10K,16,0,Travel_Rarely,7,No,16,7,1,0-1 yr,0,0,1,Promoted <=1yr,2,3,4,2,3,3,3,No,0.3908,Moderate
1326,39,Female,Single,Research & Development,Laboratory Technician,Medical,5,4,8134,6K-10K,20,2,Travel_Rarely,1,No,17,5,0,0-1 yr,0,0,0,Promoted <=1yr,4,1,3,4,3,2,3,Yes,0.6154,High
1327,42,Male,Married,Sales,Sales Executive,Other,2,4,10050,10K-15K,11,2,Travel_Rarely,28,No,21,2,2,2-3 yr,1,0,2,Promoted <=1yr,2,4,1,3,3,3,3,Yes,0.3031,Moderate
1328,32,Female,Married,Research & Development,Laboratory Technician,Medical,4,3,7678,6K-10K,15,1,Non-Travel,1,No,9,4,4,4-6 yr,0,4,1,Not Recently Promoted,2,2,4,4,3,3,3,Yes,0.3165,Moderate
1329,41,Female,Married,Research & Development,Manager,Technical Degree,3,4,10889,10K-15K,14,0,Travel_Rarely,4,No,19,5,2,2-3 yr,2,0,2,Promoted <=1yr,2,4,3,4,3,3,3,No,0.2742,Moderate
1330,43,Male,Married,Sales,Sales Representative,Other,1,4,15105,15K+ (High),13,1,Travel_Rarely,7,No,23,5,1,0-1 yr,1,0,0,Promoted <=1yr,0,4,4,2,4,3,3,No,0.1343,Low
1331,35,Female,Single,Sales,Sales Representative,Marketing,3,3,6381,6K-10K,15,1,Travel_Rarely,10,No,12,6,12,10+ yr,6,0,0,Promoted <=1yr,4,3,4,3,3,4,3,No,0.3726,Moderate
1332,27,Male,Married,Sales,Sales Executive,Life Sciences,3,1,2201,<3K (Low),17,0,Travel_Rarely,29,Yes,4,2,4,4-6 yr,1,0,4,Promoted <=1yr,1,3,2,1,3,2,3,Yes,0.7552,Critical
1333,28,Female,Single,Research & Development,Healthcare Representative,Other,3,1,3646,3K-6K,15,1,Travel_Rarely,2,No,2,0,0,0-1 yr,0,0,0,Promoted <=1yr,0,4,4,1,3,2,4,No,0.3844,Moderate
1334,31,Male,Married,Research & Development,Research Director,Medical,3,2,4583,3K-6K,21,0,Travel_Rarely,8,No,10,3,5,4-6 yr,5,0,2,Promoted <=1yr,2,3,3,4,4,1,4,No,0.4066,Moderate
1335,45,Male,Single,Research & Development,Research Scientist,Other,1,5,19993,15K+ (High),12,1,Travel_Rarely,13,No,24,1,0,0-1 yr,0,0,0,Promoted <=1yr,3,1,3,3,3,3,3,No,0.2963,Moderate
1336,47,Male,Divorced,Research & Development,Laboratory Technician,Life Sciences,4,5,17545,15K+ (High),11,0,Travel_Rarely,5,No,24,2,4,4-6 yr,2,3,4,Not Recently Promoted,1,2,3,4,1,2,3,No,0.1484,Low
1337,35,Male,Married,Research & Development,Healthcare Representative,Life Sciences,4,4,13412,10K-15K,21,0,Travel_Rarely,3,No,15,0,1,0-1 yr,0,1,1,Promoted <=1yr,2,3,1,2,3,3,3,No,0.3353,Moderate
1338,36,Male,Single,Research & Development,Manager,Other,2,3,6604,6K-10K,16,1,Travel_Frequently,4,No,14,2,3,2-3 yr,3,1,2,Promoted <=1yr,2,1,3,2,3,4,4,Yes,0.7156,High
1339,30,Male,Single,Research & Development,Research Director,Other,3,1,2668,<3K (Low),14,1,Travel_Rarely,9,No,4,1,1,0-1 yr,1,0,1,Promoted <=1yr,4,4,2,2,3,2,3,No,0.5427,High
1340,31,Male,Divorced,Research & Development,Manager,Life Sciences,5,2,3594,3K-6K,11,0,Travel_Rarely,3,No,9,2,1,0-1 yr,1,1,1,Promoted <=1yr,1,3,1,4,3,3,4,No,0.5702,High
1341,35,Male,Married,Human Resources,Human Resources,Human Resources,3,3,7366,6K-10K,15,1,Travel_Rarely,11,No,13,1,1,0-1 yr,1,0,0,Promoted <=1yr,6,3,2,3,3,3,3,No,0.5812,High
1342,26,Female,Single,Research & Development,Research Scientist,Technical Degree,4,1,2303,<3K (Low),18,2,Travel_Rarely,4,No,4,3,1,0-1 yr,1,1,0,Promoted <=1yr,5,4,4,2,4,3,3,No,0.4407,Moderate
1343,48,Female,Married,Human Resources,Manager,Other,3,5,15250,15K+ (High),15,0,Non-Travel,12,No,26,1,0,0-1 yr,0,0,0,Promoted <=1yr,6,4,3,1,2,2,3,No,0.26,Moderate
1344,37,Male,Married,Research & Development,Research Scientist,Other,4,4,10944,10K-15K,14,0,Travel_Rarely,4,Yes,15,1,9,7-10 yr,0,0,0,Promoted <=1yr,2,4,3,4,3,2,3,No,0.3492,Moderate
1345,38,Female,Married,Research & Development,Research Director,Medical,2,3,7951,6K-10K,12,0,Travel_Rarely,7,No,15,2,6,4-6 yr,3,4,0,Not Recently Promoted,0,3,2,3,4,4,3,No,0.2312,Low
1346,37,Male,Single,Research & Development,Manufacturing Director,Medical,2,3,7292,6K-10K,16,1,Non-Travel,3,No,15,3,14,10+ yr,0,0,0,Promoted <=1yr,2,3,1,4,2,3,4,No,0.4707,Moderate
1347,24,Male,Single,Human Resources,Human Resources,Other,4,1,2450,<3K (Low),15,1,Travel_Rarely,8,No,0,5,0,0-1 yr,0,0,0,Promoted <=1yr,1,3,4,3,3,3,3,Yes,0.6813,High
1348,30,Female,Married,Research & Development,Manufacturing Director,Technical Degree,3,2,5497,3K-6K,11,1,Travel_Frequently,1,No,8,1,8,7-10 yr,4,0,0,Promoted <=1yr,0,4,1,3,2,2,3,No,0.3426,Moderate
1349,30,Female,Single,Research & Development,Manager,Medical,2,2,4995,3K-6K,17,0,Travel_Rarely,17,No,10,1,10,7-10 yr,3,2,1,Not Recently Promoted,2,2,2,2,4,4,3,Yes,0.6763,High
1350,22,Male,Single,Research & Development,Manager,Medical,3,1,2987,<3K (Low),11,0,Travel_Rarely,2,Yes,1,4,0,0-1 yr,0,0,0,Promoted <=1yr,0,2,3,2,3,2,3,No,0.9121,Critical
1351,50,Male,Married,Research & Development,Research Director,Other,4,5,19139,15K+ (High),16,2,Non-Travel,11,No,25,2,7,7-10 yr,2,7,0,Not Recently Promoted,4,4,4,1,3,2,3,No,0.2153,Low
1352,38,Male,Single,Sales,Manager,Life Sciences,2,3,6851,6K-10K,11,0,Non-Travel,17,No,16,3,3,2-3 yr,2,0,0,Promoted <=1yr,2,3,3,3,3,2,3,Yes,0.4572,Moderate
1353,31,Male,Married,Research & Development,Research Director,Medical,2,2,5312,3K-6K,12,1,Travel_Rarely,4,No,10,3,3,2-3 yr,1,3,3,Not Recently Promoted,5,3,4,3,1,3,3,Yes,0.2868,Moderate
1354,42,Male,Divorced,Sales,Sales Representative,Life Sciences,3,4,12482,10K-15K,15,1,Non-Travel,1,Yes,20,5,16,10+ yr,0,0,4,Promoted <=1yr,1,3,4,2,3,4,3,No,0.2563,Moderate
1355,26,Female,Single,Research & Development,Healthcare Representative,Other,4,1,3103,3K-6K,18,2,Travel_Rarely,29,No,4,3,4,4-6 yr,3,0,4,Promoted <=1yr,2,4,4,4,1,3,3,No,0.403,Moderate
1356,38,Male,Married,Human Resources,Human Resources,Other,4,4,14808,10K-15K,18,2,Travel_Rarely,1,No,15,2,2,2-3 yr,0,0,0,Promoted <=1yr,2,1,2,2,1,3,3,No,0.3467,Moderate
1357,44,Female,Divorced,Sales,Sales Executive,Life Sciences,4,4,12832,10K-15K,16,0,Non-Travel,8,Yes,22,2,4,4-6 yr,2,4,1,Not Recently Promoted,3,1,3,4,4,2,3,No,0.7864,Critical
1358,31,Male,Divorced,Sales,Sales Representative,Other,1,2,4603,3K-6K,13,0,Travel_Rarely,4,No,8,5,1,0-1 yr,1,1,1,Promoted <=1yr,3,2,4,3,1,3,3,No,0.5622,High
1359,28,Male,Single,Sales,Sales Representative,Marketing,4,3,7433,6K-10K,11,2,Travel_Rarely,2,Yes,6,2,3,2-3 yr,1,2,3,Not Recently Promoted,2,4,1,4,3,2,3,No,0.6027,High
1360,49,Female,Married,Research & Development,Research Director,Technical Degree,2,5,13916,10K-15K,16,0,Travel_Rarely,5,No,27,2,2,2-3 yr,1,1,2,Promoted <=1yr,2,1,4,3,4,1,3,No,0.3012,Moderate
1361,51,Female,Married,Research & Development,Healthcare Representative,Other,4,5,14455,10K-15K,12,0,Travel_Rarely,1,No,31,4,2,2-3 yr,0,0,2,Promoted <=1yr,2,2,3,3,3,4,3,No,0.123,Low
1362,41,Male,Divorced,Sales,Sales Representative,Marketing,4,4,14971,10K-15K,21,2,Travel_Rarely,6,No,15,1,0,0-1 yr,0,0,0,Promoted <=1yr,4,4,3,4,3,3,3,No,0.229,Low
1363,23,Female,Divorced,Research & Development,Manager,Life Sciences,2,1,2714,<3K (Low),15,0,Travel_Rarely,1,No,3,5,2,2-3 yr,2,0,1,Promoted <=1yr,3,3,4,4,2,4,3,No,0.5051,High
1364,45,Female,Married,Sales,Manager,Life Sciences,3,4,11839,10K-15K,11,0,Travel_Rarely,2,No,23,0,9,7-10 yr,3,0,3,Promoted <=1yr,6,4,1,3,2,3,3,No,0.1293,Low
1365,47,Female,Married,Research & Development,Laboratory Technician,Other,4,5,16025,15K+ (High),12,0,Travel_Rarely,1,No,26,6,9,7-10 yr,0,1,1,Promoted <=1yr,1,4,1,1,3,2,3,No,0.1288,Low
1366,45,Male,Married,Human Resources,Manager,Other,5,4,12340,10K-15K,17,0,Travel_Rarely,3,No,18,0,8,7-10 yr,4,2,0,Not Recently Promoted,0,4,2,4,3,3,3,No,0.1276,Low
1367,24,Female,Married,Human Resources,Human Resources,Other,2,1,3308,3K-6K,16,1,Travel_Rarely,10,No,3,1,0,0-1 yr,0,0,0,Promoted <=1yr,2,2,4,3,3,2,3,No,0.6427,High
1368,34,Female,Married,Sales,Manager,Life Sciences,3,3,8041,6K-10K,11,2,Travel_Rarely,6,No,13,5,2,2-3 yr,0,2,1,Not Recently Promoted,5,3,1,4,3,2,4,No,0.4147,Moderate
1369,34,Female,Married,Research & Development,Manufacturing Director,Medical,3,3,5810,3K-6K,16,0,Travel_Rarely,1,No,14,1,5,4-6 yr,5,4,3,Not Recently Promoted,0,4,3,2,3,3,4,No,0.2416,Low
1370,42,Female,Single,Research & Development,Manufacturing Director,Life Sciences,2,4,11873,10K-15K,24,1,Travel_Rarely,9,No,21,4,3,2-3 yr,1,3,1,Not Recently Promoted,4,1,3,4,3,3,3,No,0.6461,High
1371,39,Female,Divorced,Research & Development,Manufacturing Director,Medical,3,3,5576,3K-6K,13,0,Travel_Rarely,22,No,15,2,2,2-3 yr,1,2,2,Not Recently Promoted,1,2,2,4,3,2,3,Yes,0.6818,High
1372,29,Female,Divorced,Human Resources,Manager,Human Resources,4,2,4955,3K-6K,14,1,Travel_Rarely,14,No,4,5,4,4-6 yr,0,0,0,Promoted <=1yr,2,1,4,1,4,3,3,Yes,0.7366,High
1373,42,Male,Single,Research & Development,Research Scientist,Other,3,4,9329,6K-10K,11,1,Travel_Rarely,3,No,20,5,1,0-1 yr,1,0,0,Promoted <=1yr,3,4,3,4,2,4,3,No,0.2764,Moderate
1374,32,Male,Single,Research & Development,Laboratory Technician,Medical,4,2,5210,3K-6K,18,2,Travel_Rarely,7,No,9,4,6,4-6 yr,0,3,0,Not Recently Promoted,3,1,4,2,3,3,3,No,0.6133,High
1375,27,Female,Divorced,Research & Development,Research Director,Medical,2,1,2851,<3K (Low),11,0,Travel_Rarely,12,Yes,5,5,2,2-3 yr,0,2,2,Not Recently Promoted,6,1,3,2,3,4,3,No,0.8496,Critical
1376,45,Male,Married,Research & Development,Research Director,Technical Degree,3,4,9076,6K-10K,20,1,Non-Travel,6,No,21,9,1,0-1 yr,1,1,1,Promoted <=1yr,1,3,2,3,3,2,3,No,0.4982,Moderate
1377,28,Male,Married,Research & Development,Healthcare Representative,Medical,1,2,5066,3K-6K,11,0,Travel_Rarely,1,No,8,2,0,0-1 yr,0,0,0,Promoted <=1yr,4,3,4,3,3,3,3,No,0.3697,Moderate
1378,31,Female,Married,Research & Development,Laboratory Technician,Life Sciences,3,2,5854,3K-6K,13,0,Travel_Rarely,20,No,8,3,3,2-3 yr,3,1,2,Promoted <=1yr,3,4,1,3,2,2,4,No,0.2748,Moderate
1379,35,Male,Divorced,Sales,Manager,Life Sciences,4,4,13487,10K-15K,12,0,Travel_Rarely,1,Yes,13,1,7,7-10 yr,0,0,1,Promoted <=1yr,4,2,3,2,3,2,4,No,0.5545,High
1380,46,Male,Divorced,Research & Development,Research Director,Technical Degree,3,5,20000,15K+ (High),11,0,Travel_Frequently,2,No,26,1,2,2-3 yr,0,1,2,Promoted <=1yr,1,4,4,4,3,3,3,No,0.1005,Low
1381,23,Male,Married,Research & Development,Manufacturing Director,Medical,4,2,6100,6K-10K,17,1,Travel_Rarely,15,Yes,3,4,2,2-3 yr,2,1,1,Promoted <=1yr,1,2,3,3,3,3,3,No,0.7462,High
1382,37,Male,Single,Research & Development,Research Scientist,Medical,4,3,7208,6K-10K,18,2,Travel_Rarely,5,Yes,16,3,9,7-10 yr,0,5,1,Not Recently Promoted,4,4,2,4,1,3,3,No,0.5495,High
1383,31,Female,Married,Research & Development,Manufacturing Director,Medical,3,2,2790,<3K (Low),14,1,Non-Travel,6,No,11,1,0,0-1 yr,0,0,0,Promoted <=1yr,1,1,1,3,3,2,3,No,0.7117,High
1384,24,Male,Single,Research & Development,Research Scientist,Life Sciences,3,1,2058,<3K (Low),13,1,Travel_Rarely,3,No,3,5,1,0-1 yr,0,1,0,Promoted <=1yr,1,3,3,3,3,3,3,No,0.5773,High
1385,35,Male,Single,Research & Development,Manufacturing Director,Life Sciences,4,4,10014,10K-15K,13,0,Travel_Rarely,4,Yes,13,0,1,0-1 yr,1,1,1,Promoted <=1yr,5,3,4,2,3,3,3,Yes,0.6597,High
1386,39,Male,Single,Sales,Sales Representative,Marketing,1,4,10396,10K-15K,12,1,Travel_Rarely,4,No,18,3,4,4-6 yr,2,0,3,Promoted <=1yr,2,1,1,2,3,3,3,No,0.459,Moderate
1387,37,Male,Married,Research & Development,Healthcare Representative,Other,3,3,9201,6K-10K,15,0,Non-Travel,7,Yes,16,1,4,4-6 yr,4,0,0,Promoted <=1yr,2,1,3,2,2,3,4,Yes,0.5771,High
1388,31,Female,Married,Research & Development,Laboratory Technician,Technical Degree,3,2,4107,3K-6K,15,1,Travel_Rarely,24,Yes,8,8,8,7-10 yr,0,1,1,Promoted <=1yr,5,4,2,4,2,1,3,No,0.7221,High
1389,24,Male,Married,Research & Development,Laboratory Technician,Other,2,1,3278,3K-6K,11,0,Travel_Rarely,7,No,4,2,0,0-1 yr,0,0,0,Promoted <=1yr,5,3,1,4,3,3,4,No,0.4681,Moderate
1390,38,Male,Married,Research & Development,Healthcare Representative,Life Sciences,3,3,5623,3K-6K,16,2,Non-Travel,10,No,16,0,3,2-3 yr,0,0,3,Promoted <=1yr,0,2,3,3,2,4,3,No,0.2269,Low
1391,34,Male,Married,Research & Development,Manufacturing Director,Other,3,3,4958,3K-6K,12,1,Travel_Rarely,29,Yes,13,2,6,4-6 yr,4,1,2,Promoted <=1yr,4,3,3,3,3,3,3,No,0.7069,High
1392,26,Male,Divorced,Sales,Sales Executive,Other,2,1,3637,3K-6K,14,0,Travel_Rarely,12,No,0,1,0,0-1 yr,0,0,0,Promoted <=1yr,3,3,1,4,2,4,3,Yes,0.5504,High
1393,34,Male,Married,Research & Development,Manufacturing Director,Technical Degree,3,3,5786,3K-6K,11,1,Travel_Frequently,25,No,12,5,12,10+ yr,2,1,0,Promoted <=1yr,2,4,3,4,3,1,3,No,0.5664,High
1394,30,Male,Divorced,Sales,Manager,Other,4,2,4297,3K-6K,15,0,Travel_Rarely,10,No,4,0,4,4-6 yr,4,3,2,Not Recently Promoted,2,2,3,2,3,3,3,No,0.4865,Moderate
1395,47,Male,Single,Research & Development,Healthcare Representative,Medical,1,4,10602,10K-15K,19,0,Travel_Rarely,9,No,22,1,9,7-10 yr,3,0,1,Promoted <=1yr,4,4,2,4,3,3,3,No,0.2675,Moderate
1396,32,Male,Divorced,Research & Development,Manufacturing Director,Medical,5,2,4457,3K-6K,12,0,Travel_Rarely,3,No,10,3,3,2-3 yr,2,0,3,Promoted <=1yr,1,4,4,4,3,2,3,No,0.3183,Moderate
1397,32,Male,Married,Research & Development,Research Director,Technical Degree,3,2,4425,3K-6K,12,0,Travel_Rarely,1,No,8,1,4,4-6 yr,0,0,0,Promoted <=1yr,1,1,2,3,3,3,3,Yes,0.4517,Moderate
1398,44,Female,Divorced,Research & Development,Manufacturing Director,Technical Degree,3,4,15398,15K+ (High),14,1,Travel_Rarely,29,No,22,4,3,2-3 yr,0,3,1,Not Recently Promoted,3,1,3,1,3,3,3,No,0.6085,High
1399,43,Male,Married,Sales,Manager,Marketing,2,4,9998,6K-10K,17,0,Travel_Rarely,4,No,21,4,2,2-3 yr,0,0,1,Promoted <=1yr,2,2,4,2,2,4,3,No,0.2274,Low
1400,41,Male,Single,Sales,Manager,Life Sciences,2,3,5965,3K-6K,14,3,Non-Travel,2,No,17,2,1,0-1 yr,0,1,0,Promoted <=1yr,4,3,3,1,3,2,4,No,0.5483,High
1401,38,Male,Single,Sales,Sales Representative,Life Sciences,4,4,6617,6K-10K,14,0,Travel_Rarely,7,No,16,2,6,4-6 yr,6,2,1,Not Recently Promoted,5,1,4,3,3,4,3,Yes,0.4735,Moderate
1402,41,Male,Single,Research & Development,Laboratory Technician,Life Sciences,2,4,12021,10K-15K,14,0,Travel_Rarely,13,Yes,18,3,4,4-6 yr,3,0,3,Promoted <=1yr,3,2,4,1,2,3,3,Yes,0.5067,High
1403,50,Male,Married,Sales,Sales Representative,Marketing,4,5,19917,15K+ (High),16,2,Travel_Rarely,1,No,29,1,1,0-1 yr,0,1,1,Promoted <=1yr,2,3,2,4,4,3,3,No,0.1347,Low
1404,59,Male,Married,Sales,Manager,Life Sciences,2,5,20000,15K+ (High),11,0,Travel_Rarely,8,No,38,4,0,0-1 yr,0,0,0,Promoted <=1yr,2,4,1,1,1,2,3,No,0.1397,Low
1405,37,Female,Married,Research & Development,Research Director,Life Sciences,2,3,6477,6K-10K,15,0,Travel_Frequently,2,No,14,1,0,0-1 yr,0,0,0,Promoted <=1yr,2,1,2,3,2,1,3,No,0.6316,High
1406,33,Male,Single,Sales,Sales Executive,Marketing,3,3,8309,6K-10K,13,0,Non-Travel,1,No,12,3,2,2-3 yr,0,0,0,Promoted <=1yr,2,4,1,2,2,2,3,No,0.514,High
1407,34,Female,Single,Research & Development,Laboratory Technician,Medical,3,3,5291,3K-6K,16,2,Travel_Rarely,17,No,12,2,2,2-3 yr,0,1,2,Promoted <=1yr,4,2,4,2,3,3,3,No,0.4856,Moderate
1408,39,Male,Single,Sales,Manager,Other,1,3,9479,6K-10K,21,0,Travel_Rarely,4,No,16,3,5,4-6 yr,0,1,1,Promoted <=1yr,4,4,4,2,4,3,3,No,0.3366,Moderate
1409,44,Male,Married,Research & Development,Healthcare Representative,Medical,5,4,9277,6K-10K,13,0,Non-Travel,1,Yes,21,5,6,4-6 yr,0,0,6,Promoted <=1yr,1,3,4,4,4,2,3,No,0.3787,Moderate
1410,39,Female,Married,Human Resources,Manager,Human Resources,4,4,13970,10K-15K,11,1,Travel_Frequently,4,No,17,4,2,2-3 yr,2,2,1,Not Recently Promoted,3,4,4,3,1,3,3,Yes,0.1867,Low
1411,41,Male,Married,Research & Development,Healthcare Representative,Other,2,4,15206,15K+ (High),14,0,Travel_Frequently,17,No,20,2,1,0-1 yr,1,1,0,Promoted <=1yr,3,1,4,4,3,4,4,No,0.356,Moderate
1412,23,Male,Divorced,Sales,Sales Representative,Other,3,1,3558,3K-6K,12,1,Travel_Rarely,1,No,0,2,0,0-1 yr,0,0,0,Promoted <=1yr,0,4,2,1,3,3,3,No,0.3748,Moderate
1413,33,Male,Divorced,Research & Development,Research Scientist,Other,2,3,5968,3K-6K,14,1,Travel_Rarely,3,Yes,13,2,4,4-6 yr,0,1,0,Promoted <=1yr,1,4,4,4,3,3,3,Yes,0.5055,High
1414,45,Male,Single,Research & Development,Laboratory Technician,Medical,4,5,14352,10K-15K,11,1,Travel_Rarely,3,Yes,22,3,1,0-1 yr,0,1,1,Promoted <=1yr,4,2,2,4,2,3,3,No,0.5397,High
1415,45,Male,Married,Research & Development,Manufacturing Director,Life Sciences,4,4,9690,6K-10K,16,0,Travel_Rarely,3,No,20,2,5,4-6 yr,4,5,3,Not Recently Promoted,3,3,3,3,3,3,3,No,0.3325,Moderate
1416,24,Male,Married,Sales,Sales Executive,Life Sciences,1,1,3368,3K-6K,19,2,Travel_Frequently,8,No,1,2,1,0-1 yr,1,1,1,Promoted <=1yr,3,2,3,3,1,3,3,Yes,0.5897,High
1417,37,Female,Single,Research & Development,Research Director,Technical Degree,3,3,7955,6K-10K,11,3,Travel_Rarely,1,Yes,15,2,1,0-1 yr,1,0,0,Promoted <=1yr,2,4,4,2,3,2,3,No,0.4763,Moderate
1418,36,Male,Single,Research & Development,Laboratory Technician,Technical Degree,5,4,14007,10K-15K,18,0,Travel_Rarely,8,No,14,3,2,2-3 yr,2,0,1,Promoted <=1yr,2,3,3,4,3,3,3,No,0.2475,Low
1419,22,Female,Divorced,Research & Development,Manufacturing Director,Life Sciences,2,1,3173,3K-6K,14,0,Travel_Frequently,3,No,0,2,0,0-1 yr,0,0,0,Promoted <=1yr,1,3,3,4,2,4,3,No,0.5208,High
1420,25,Female,Single,Research & Development,Manufacturing Director,Other,3,1,2763,<3K (Low),19,0,Travel_Rarely,5,Yes,3,3,3,2-3 yr,0,0,0,Promoted <=1yr,2,3,4,2,3,4,3,No,0.752,Critical
1421,26,Male,Divorced,Sales,Manager,Other,3,1,2489,<3K (Low),19,2,Non-Travel,6,No,2,5,2,2-3 yr,2,0,0,Promoted <=1yr,5,3,3,3,3,2,3,No,0.6682,High
1422,41,Female,Married,Research & Development,Manufacturing Director,Medical,1,3,10012,10K-15K,18,0,Travel_Rarely,5,No,16,3,4,4-6 yr,4,0,0,Promoted <=1yr,6,1,2,3,2,3,3,Yes,0.4428,Moderate
1423,56,Female,Single,Sales,Sales Representative,Life Sciences,3,5,20000,15K+ (High),17,0,Travel_Rarely,1,No,34,1,0,0-1 yr,0,0,0,Promoted <=1yr,1,1,3,4,2,3,3,No,0.2011,Low
1424,41,Male,Married,Research & Development,Manager,Technical Degree,3,4,12083,10K-15K,11,0,Travel_Frequently,7,No,19,4,0,0-1 yr,0,0,0,Promoted <=1yr,3,2,3,2,4,3,3,Yes,0.5671,High
1425,29,Male,Married,Research & Development,Research Scientist,Life Sciences,3,2,3916,3K-6K,14,1,Travel_Rarely,1,No,6,1,6,4-6 yr,2,2,1,Not Recently Promoted,4,2,3,3,2,3,3,No,0.3891,Moderate
1426,36,Female,Married,Sales,Sales Representative,Marketing,3,3,9023,6K-10K,14,1,Travel_Rarely,14,No,13,3,1,0-1 yr,0,1,0,Promoted <=1yr,5,2,4,3,2,3,3,No,0.4021,Moderate
1427,43,Male,Single,Sales,Sales Executive,Life Sciences,4,4,15179,15K+ (High),14,1,Travel_Rarely,7,No,23,3,17,10+ yr,9,0,0,Promoted <=1yr,1,4,4,3,1,4,3,No,0.0752,Low
1428,41,Female,Divorced,Research & Development,Manufacturing Director,Life Sciences,3,4,12617,10K-15K,17,1,Non-Travel,4,No,19,1,5,4-6 yr,2,4,1,Not Recently Promoted,2,4,4,3,1,2,3,Yes,0.2537,Moderate
1429,31,Female,Single,Research & Development,Healthcare Representative,Life Sciences,4,3,5912,3K-6K,15,3,Non-Travel,9,No,11,4,2,2-3 yr,0,2,0,Not Recently Promoted,3,2,3,2,2,3,3,Yes,0.6489,High
1430,30,Male,Single,Research & Development,Manufacturing Director,Technical Degree,2,2,4996,3K-6K,11,1,Travel_Rarely,7,No,6,2,2,2-3 yr,2,1,0,Promoted <=1yr,3,4,1,2,3,2,4,No,0.5585,High
1431,30,Female,Divorced,Sales,Sales Representative,Other,4,2,5328,3K-6K,16,1,Non-Travel,10,No,5,3,0,0-1 yr,0,0,0,Promoted <=1yr,2,3,2,1,4,4,3,No,0.4988,Moderate
1432,49,Female,Married,Sales,Manager,Life Sciences,4,5,19261,15K+ (High),11,0,Travel_Rarely,15,Yes,27,3,6,4-6 yr,1,0,4,Promoted <=1yr,3,2,3,4,2,2,3,No,0.3614,Moderate
1433,39,Female,Divorced,Research & Development,Healthcare Representative,Medical,3,3,6797,6K-10K,20,0,Travel_Frequently,11,No,16,1,13,10+ yr,3,5,3,Not Recently Promoted,3,3,4,2,2,2,3,No,0.4884,Moderate
1434,52,Female,Married,Sales,Sales Representative,Life Sciences,3,5,18599,15K+ (High),11,1,Travel_Rarely,21,Yes,30,2,5,4-6 yr,0,0,0,Promoted <=1yr,6,2,3,4,1,3,3,Yes,0.3451,Moderate
1435,36,Female,Single,Research & Development,Healthcare Representative,Life Sciences,4,4,13239,10K-15K,11,0,Travel_Rarely,1,Yes,13,5,3,2-3 yr,3,0,2,Promoted <=1yr,0,3,3,1,1,2,3,No,0.4929,Moderate
1436,40,Male,Divorced,Sales,Sales Representative,Other,2,3,6538,6K-10K,15,1,Travel_Rarely,12,No,17,1,4,4-6 yr,4,0,0,Promoted <=1yr,2,4,3,3,3,3,3,No,0.3092,Moderate
1437,39,Male,Single,Research & Development,Research Director,Medical,3,4,10454,10K-15K,11,2,Travel_Frequently,14,No,19,4,16,10+ yr,2,0,0,Promoted <=1yr,0,3,2,2,2,3,4,No,0.3882,Moderate
1438,29,Male,Single,Research & Development,Laboratory Technician,Technical Degree,4,3,6927,6K-10K,14,0,Travel_Rarely,2,Yes,6,3,0,0-1 yr,0,0,0,Promoted <=1yr,5,4,1,3,1,4,3,No,0.5958,High
1439,31,Male,Married,Research & Development,Laboratory Technician,Life Sciences,4,2,4393,3K-6K,17,0,Travel_Rarely,11,No,9,3,9,7-10 yr,0,1,0,Promoted <=1yr,3,1,2,3,2,3,3,Yes,0.4869,Moderate
1440,25,Female,Married,Sales,Sales Executive,Life Sciences,3,1,1987,<3K (Low),20,1,Non-Travel,2,No,3,7,3,2-3 yr,1,3,0,Not Recently Promoted,4,2,4,3,3,4,3,No,0.5976,High
1441,39,Male,Divorced,Sales,Sales Representative,Life Sciences,2,3,8978,6K-10K,17,1,Travel_Rarely,1,No,17,1,11,10+ yr,0,9,0,Not Recently Promoted,3,2,3,3,3,3,3,No,0.49,Moderate
1442,18,Male,Single,Sales,Sales Representative,Marketing,1,1,2723,<3K (Low),13,3,Travel_Rarely,2,No,0,2,0,0-1 yr,0,0,0,Promoted <=1yr,6,2,3,2,3,3,3,No,0.6863,High
1443,43,Female,Single,Human Resources,Human Resources,Other,3,4,12996,10K-15K,11,3,Travel_Rarely,3,Yes,23,1,3,2-3 yr,0,0,0,Promoted <=1yr,1,1,4,4,2,3,3,No,0.5272,High
1444,42,Female,Divorced,Human Resources,Manager,Other,3,4,13053,10K-15K,15,0,Travel_Rarely,3,No,19,1,1,0-1 yr,1,1,1,Promoted <=1yr,1,3,1,3,2,2,3,No,0.2961,Moderate
1445,34,Male,Married,Research & Development,Research Director,Other,1,2,3052,3K-6K,14,0,Non-Travel,1,Yes,11,3,4,4-6 yr,4,2,0,Not Recently Promoted,5,3,4,3,3,3,3,Yes,0.5786,High
1446,28,Female,Married,Research & Development,Research Director,Other,3,2,3966,3K-6K,22,0,Travel_Frequently,5,No,8,3,0,0-1 yr,0,0,0,Promoted <=1yr,6,4,1,4,4,3,3,Yes,0.5527,High
1447,52,Female,Divorced,Research & Development,Research Director,Medical,4,5,20000,15K+ (High),14,2,Non-Travel,1,Yes,31,2,10,7-10 yr,0,3,2,Not Recently Promoted,3,4,3,2,2,3,3,No,0.2138,Low
1448,29,Male,Divorced,Sales,Manager,Marketing,4,3,7946,6K-10K,14,0,Travel_Frequently,7,Yes,7,3,3,2-3 yr,0,0,0,Promoted <=1yr,1,2,3,4,2,4,4,Yes,0.6368,High
1449,22,Male,Single,Sales,Sales Executive,Life Sciences,3,1,3315,3K-6K,15,0,Travel_Rarely,29,Yes,2,1,0,0-1 yr,0,0,0,Promoted <=1yr,2,3,4,2,3,2,4,No,0.8434,Critical
1450,41,Female,Married,Sales,Sales Executive,Marketing,4,4,10274,10K-15K,16,0,Travel_Rarely,15,No,18,2,10,7-10 yr,0,1,8,Promoted <=1yr,3,2,2,4,3,2,3,No,0.3071,Moderate
1451,53,Male,Single,Research & Development,Manufacturing Director,Other,5,5,20000,15K+ (High),11,2,Travel_Frequently,10,Yes,31,1,2,2-3 yr,0,2,2,Not Recently Promoted,4,1,3,3,3,3,3,Yes,0.6728,High
1452,33,Female,Single,Research & Development,Manager,Technical Degree,2,2,4684,3K-6K,17,2,Travel_Rarely,14,No,11,2,4,4-6 yr,1,0,1,Promoted <=1yr,3,3,4,2,4,2,3,No,0.6631,High
1453,48,Female,Divorced,Research & Development,Manufacturing Director,Life Sciences,2,5,18281,15K+ (High),11,2,Travel_Frequently,28,Yes,27,1,9,7-10 yr,0,7,0,Not Recently Promoted,2,2,4,3,2,3,3,Yes,0.7316,High
1454,33,Female,Single,Research & Development,Healthcare Representative,Medical,3,3,7925,6K-10K,11,1,Travel_Rarely,1,No,12,2,6,4-6 yr,0,0,1,Promoted <=1yr,4,3,3,4,3,1,3,No,0.4651,Moderate
1455,28,Female,Married,Research & Development,Manager,Medical,4,3,7191,6K-10K,16,0,Travel_Rarely,2,No,6,3,6,4-6 yr,2,2,1,Not Recently Promoted,4,2,4,3,3,2,3,Yes,0.5338,High
1456,37,Male,Single,Research & Development,Manager,Life Sciences,3,3,8605,6K-10K,11,0,Travel_Rarely,2,No,16,2,3,2-3 yr,3,1,1,Promoted <=1yr,2,3,4,1,1,4,3,No,0.3616,Moderate
1457,32,Male,Married,Research & Development,Research Director,Medical,4,3,7236,6K-10K,15,0,Travel_Frequently,3,No,10,4,5,4-6 yr,0,0,3,Promoted <=1yr,4,2,4,1,4,2,3,Yes,0.4907,Moderate
1458,39,Male,Married,Research & Development,Manager,Life Sciences,2,3,9408,6K-10K,11,1,Travel_Rarely,10,No,16,3,6,4-6 yr,0,2,1,Not Recently Promoted,4,2,2,3,3,3,3,No,0.5699,High
1459,42,Male,Single,Research & Development,Research Director,Life Sciences,2,3,6799,6K-10K,21,1,Travel_Rarely,8,No,17,2,5,4-6 yr,2,2,0,Not Recently Promoted,0,3,1,4,3,3,3,No,0.4881,Moderate
1460,53,Male,Single,Research & Development,Healthcare Representative,Other,2,5,19322,15K+ (High),11,0,Travel_Rarely,9,No,30,4,7,7-10 yr,1,2,7,Not Recently Promoted,1,4,4,4,3,3,3,No,0.0752,Low
1461,19,Male,Married,Research & Development,Research Scientist,Life Sciences,2,1,2729,<3K (Low),17,1,Travel_Frequently,13,No,0,4,0,0-1 yr,0,0,0,Promoted <=1yr,4,4,3,2,2,3,4,No,0.5682,High
1462,34,Male,Divorced,Research & Development,Manager,Medical,3,2,4213,3K-6K,20,0,Travel_Rarely,3,No,11,1,0,0-1 yr,0,0,0,Promoted <=1yr,2,4,4,4,3,3,4,Yes,0.3641,Moderate
1463,29,Female,Married,Research & Development,Manager,Medical,4,2,3557,3K-6K,11,0,Travel_Rarely,4,No,9,0,0,0-1 yr,0,0,0,Promoted <=1yr,1,4,3,3,3,2,4,Yes,0.3463,Moderate
1464,32,Male,Married,Research & Development,Research Director,Other,3,2,3796,3K-6K,14,1,Travel_Rarely,10,No,10,2,0,0-1 yr,0,0,0,Promoted <=1yr,2,2,2,3,3,3,3,No,0.5113,High
1465,45,Male,Married,Sales,Sales Representative,Life Sciences,2,5,13489,10K-15K,20,1,Travel_Rarely,29,Yes,24,1,0,0-1 yr,0,0,0,Promoted <=1yr,1,3,2,3,2,4,4,Yes,0.4139,Moderate
1466,44,Female,Single,Research & Development,Manufacturing Director,Technical Degree,3,5,14761,10K-15K,11,1,Travel_Rarely,14,Yes,24,2,1,0-1 yr,0,1,1,Promoted <=1yr,5,4,1,4,3,2,3,No,0.7192,High
1467,32,Female,Married,Sales,Sales Executive,Life Sciences,2,2,4267,3K-6K,16,1,Travel_Rarely,13,No,11,3,4,4-6 yr,0,0,2,Promoted <=1yr,1,1,1,2,3,3,3,No,0.6015,High
1468,34,Female,Married,Research & Development,Research Director,Medical,4,3,4485,3K-6K,18,3,Travel_Frequently,1,No,13,0,0,0-1 yr,0,0,0,Promoted <=1yr,4,3,3,3,1,2,4,No,0.3193,Moderate
1469,29,Female,Married,Sales,Sales Representative,Other,3,2,3855,3K-6K,16,3,Travel_Frequently,29,No,8,2,0,0-1 yr,0,0,0,Promoted <=1yr,3,2,4,4,4,3,3,Yes,0.6276,High
1470,48,Male,Married,Research & Development,Laboratory Technician,Technical Degree,3,5,12416,10K-15K,19,2,Travel_Frequently,1,No,26,2,6,4-6 yr,0,0,1,Promoted <=1yr,4,4,2,4,3,3,4,No,0.1739,Low
1471,49,Male,Married,Research & Development,Healthcare Representative,Medical,4,5,12955,10K-15K,16,0,Travel_Rarely,10,No,26,4,8,7-10 yr,0,0,0,Promoted <=1yr,6,4,3,3,1,3,3,No,0.1918,Low
1472,42,Male,Single,Research & Development,Healthcare Representative,Life Sciences,3,4,10897,10K-15K,17,0,Travel_Rarely,6,Yes,21,1,1,0-1 yr,1,0,1,Promoted <=1yr,2,4,3,1,2,2,3,No,0.482,Moderate
1473,34,Male,Divorced,Sales,Sales Executive,Other,4,2,4039,3K-6K,18,0,Non-Travel,8,No,11,3,2,2-3 yr,0,2,0,Not Recently Promoted,3,2,3,2,1,3,4,No,0.6702,High
1474,52,Male,Married,Sales,Sales Representative,Other,3,5,19678,15K+ (High),14,2,Travel_Rarely,3,No,32,2,2,2-3 yr,2,1,2,Promoted <=1yr,4,3,3,3,4,3,3,No,0.1,Low
1475,40,Female,Divorced,Research & Development,Laboratory Technician,Life Sciences,3,3,7676,6K-10K,11,1,Travel_Rarely,14,Yes,17,5,3,2-3 yr,0,2,1,Not Recently Promoted,4,1,3,2,3,2,3,Yes,0.8018,Critical
1476,44,Male,Divorced,Research & Development,Research Director,Life Sciences,4,4,11001,10K-15K,11,0,Travel_Rarely,15,Yes,23,0,1,0-1 yr,1,1,0,Promoted <=1yr,4,4,2,4,2,3,3,No,0.4586,Moderate
1477,33,Male,Married,Sales,Manager,Marketing,3,2,3968,3K-6K,11,2,Travel_Rarely,3,No,9,4,0,0-1 yr,0,0,0,Promoted <=1yr,2,3,4,1,4,1,3,No,0.4543,Moderate
1478,42,Female,Single,Sales,Sales Representative,Other,2,4,8200,6K-10K,14,2,Travel_Frequently,1,Yes,20,5,7,7-10 yr,2,0,3,Promoted <=1yr,1,2,1,1,3,3,3,Yes,0.6813,High
1479,29,Female,Single,Sales,Sales Representative,Marketing,1,2,3982,3K-6K,13,0,Travel_Rarely,24,No,7,5,6,4-6 yr,1,0,0,Promoted <=1yr,5,4,3,3,3,3,4,No,0.5861,High
1480,38,Female,Divorced,Sales,Manager,Life Sciences,4,4,13562,10K-15K,13,0,Travel_Rarely,27,No,14,2,0,0-1 yr,0,0,0,Promoted <=1yr,3,3,3,1,2,3,3,No,0.3997,Moderate
1481,34,Male,Married,Sales,Manager,Other,2,3,8137,6K-10K,11,1,Travel_Rarely,3,No,13,3,1,0-1 yr,1,0,1,Promoted <=1yr,4,3,1,3,3,3,3,No,0.3395,Moderate
1482,30,Female,Single,Research & Development,Manufacturing Director,Technical Degree,2,2,4735,3K-6K,15,2,Travel_Frequently,19,Yes,8,2,0,0-1 yr,0,0,0,Promoted <=1yr,2,3,1,3,4,2,3,Yes,0.9209,Critical
1483,31,Female,Married,Research & Development,Research Scientist,Technical Degree,4,2,4821,3K-6K,11,2,Travel_Rarely,8,Yes,8,2,2,2-3 yr,0,2,1,Not Recently Promoted,3,1,4,4,2,3,3,No,0.6165,High
1484,30,Female,Married,Research & Development,Research Director,Life Sciences,2,2,3557,3K-6K,16,1,Travel_Frequently,2,Yes,10,2,0,0-1 yr,0,0,0,Promoted <=1yr,1,3,3,2,2,3,4,No,0.5974,High
1485,36,Female,Married,Sales,Sales Representative,Life Sciences,3,3,8056,6K-10K,14,3,Non-Travel,8,Yes,16,9,6,4-6 yr,1,0,6,Promoted <=1yr,1,4,3,4,4,3,3,Yes,0.3935,Moderate
1486,54,Female,Single,Research & Development,Manufacturing Director,Other,1,5,14547,10K-15K,14,0,Travel_Rarely,2,No,31,3,8,7-10 yr,6,2,0,Not Recently Promoted,4,4,2,3,3,3,4,No,0.2402,Low
1487,21,Male,Married,Research & Development,Laboratory Technician,Life Sciences,4,2,4555,3K-6K,14,3,Travel_Rarely,5,No,0,4,0,0-1 yr,0,0,0,Promoted <=1yr,0,2,3,3,4,3,3,No,0.4043,Moderate
1488,47,Male,Married,Research & Development,Research Director,Medical,4,5,14169,10K-15K,12,2,Travel_Frequently,10,Yes,26,2,0,0-1 yr,0,0,0,Promoted <=1yr,6,3,2,3,3,1,3,No,0.6757,High
1489,32,Male,Single,Research & Development,Research Director,Technical Degree,1,2,3953,3K-6K,13,2,Travel_Rarely,6,No,10,2,2,2-3 yr,2,2,2,Not Recently Promoted,3,4,3,3,1,3,3,No,0.342,Moderate
1490,34,Female,Married,Research & Development,Healthcare Representative,Medical,4,4,13482,10K-15K,11,0,Non-Travel,15,Yes,12,4,9,7-10 yr,7,2,1,Not Recently Promoted,1,1,3,4,2,2,4,No,0.554,High
1491,32,Male,Divorced,Human Resources,Human Resources,Human Resources,3,3,5389,3K-6K,12,3,Travel_Rarely,3,No,12,4,2,2-3 yr,1,2,2,Not Recently Promoted,2,4,1,3,3,2,3,No,0.6101,High
1492,36,Female,Divorced,Research & Development,Research Scientist,Medical,4,3,6828,6K-10K,12,0,Travel_Frequently,1,No,15,1,8,7-10 yr,0,0,4,Promoted <=1yr,5,4,4,4,3,3,3,No,0.2382,Low
1493,47,Female,Married,Human Resources,Human Resources,Human Resources,4,5,16308,15K+ (High),13,0,Travel_Rarely,1,Yes,26,3,0,0-1 yr,0,0,0,Promoted <=1yr,2,3,3,2,3,2,3,No,0.5136,High
1494,37,Female,Married,Research & Development,Research Scientist,Technical Degree,1,3,7305,6K-10K,12,0,Travel_Rarely,5,No,17,2,5,4-6 yr,1,1,0,Promoted <=1yr,4,1,3,2,3,3,3,No,0.429,Moderate
1495,50,Female,Single,Sales,Sales Representative,Other,3,5,13959,10K-15K,13,2,Travel_Rarely,17,No,27,2,0,0-1 yr,0,0,0,Promoted <=1yr,2,4,3,1,3,3,3,No,0.2699,Moderate
1496,42,Male,Married,Research & Development,Laboratory Technician,Life Sciences,3,4,12186,10K-15K,15,0,Travel_Frequently,21,No,20,6,2,2-3 yr,1,2,2,Not Recently Promoted,2,2,3,2,4,4,3,Yes,0.3974,Moderate
1497,33,Male,Single,Research & Development,Laboratory Technician,Life Sciences,2,3,6267,6K-10K,11,1,Travel_Rarely,10,No,13,1,4,4-6 yr,2,0,4,Promoted <=1yr,0,4,3,4,2,3,4,No,0.1659,Low
1498,32,Male,Single,Sales,Sales Representative,Other,3,2,4672,3K-6K,13,0,Travel_Rarely,17,No,11,5,6,4-6 yr,4,2,0,Not Recently Promoted,3,1,3,3,4,3,3,No,0.7692,Critical
1499,38,Female,Divorced,Research & Development,Research Scientist,Other,3,3,6698,6K-10K,15,1,Travel_Rarely,2,No,16,4,0,0-1 yr,0,0,0,Promoted <=1yr,2,3,1,1,2,3,4,Yes,0.3811,Moderate
1500,38,Female,Married,Research & Development,Manager,Other,2,3,4783,3K-6K,21,3,Travel_Frequently,1,No,13,4,2,2-3 yr,1,0,0,Promoted <=1yr,6,1,2,3,3,2,3,No,0.8483,Critical
1501,39,Female,Married,Research & Development,Healthcare Representative,Medical,3,4,10962,10K-15K,14,2,Travel_Frequently,7,No,18,5,2,2-3 yr,2,1,0,Promoted <=1yr,2,1,4,4,3,4,3,No,0.4278,Moderate
1502,47,Female,Married,Research & Development,Research Scientist,Medical,3,5,18630,15K+ (High),18,0,Travel_Rarely,1,No,24,3,2,2-3 yr,1,1,2,Promoted <=1yr,4,3,3,3,3,3,3,No,0.1413,Low
1503,31,Male,Married,Research & Development,Laboratory Technician,Life Sciences,3,2,4567,3K-6K,12,2,Travel_Frequently,3,No,10,2,1,0-1 yr,1,0,1,Promoted <=1yr,2,1,4,4,3,3,3,No,0.3574,Moderate
1504,28,Male,Married,Research & Development,Research Scientist,Other,1,1,2932,<3K (Low),18,1,Travel_Frequently,1,Yes,5,2,5,4-6 yr,1,5,0,Not Recently Promoted,2,4,3,2,3,2,4,No,0.7595,Critical
1505,22,Female,Married,Research & Development,Manager,Technical Degree,4,1,2895,<3K (Low),11,0,Travel_Rarely,1,Yes,0,3,0,0-1 yr,0,0,0,Promoted <=1yr,5,4,1,4,4,3,3,No,0.7672,Critical
1506,32,Male,Married,Sales,Sales Executive,Life Sciences,3,2,4307,3K-6K,14,0,Non-Travel,9,Yes,10,2,0,0-1 yr,0,0,0,Promoted <=1yr,1,4,2,3,4,3,3,Yes,0.663,High
1507,38,Male,Married,Research & Development,Manufacturing Director,Other,3,4,14572,10K-15K,14,1,Travel_Rarely,17,No,18,3,9,7-10 yr,1,0,5,Promoted <=1yr,3,4,1,4,2,2,3,No,0.2645,Moderate
1508,36,Male,Married,Sales,Sales Executive,Marketing,4,3,5576,3K-6K,15,0,Travel_Frequently,1,No,14,2,14,10+ yr,3,4,1,Not Recently Promoted,2,2,4,3,2,3,4,No,0.4032,Moderate
1509,20,Female,Divorced,Research & Development,Research Director,Life Sciences,2,1,2353,<3K (Low),12,0,Travel_Rarely,8,No,0,0,0,0-1 yr,0,0,0,Promoted <=1yr,1,4,1,4,2,3,3,No,0.3878,Moderate
1510,26,Male,Married,Research & Development,Manufacturing Director,Life Sciences,3,1,2218,<3K (Low),16,1,Travel_Rarely,1,No,5,1,0,0-1 yr,0,0,0,Promoted <=1yr,3,1,2,4,2,3,3,No,0.5948,High
1511,32,Female,Married,Research & Development,Research Director,Medical,3,2,4452,3K-6K,14,1,Travel_Rarely,1,Yes,8,1,1,0-1 yr,1,1,1,Promoted <=1yr,2,3,2,3,4,3,3,No,0.5625,High
1512,32,Female,Single,Research & Development,Healthcare Representative,Other,4,3,7351,6K-10K,21,1,Travel_Rarely,7,No,11,6,7,7-10 yr,2,1,2,Promoted <=1yr,3,1,2,4,4,4,3,Yes,0.6189,High
1513,30,Female,Married,Research & Development,Laboratory Technician,Medical,4,3,6480,6K-10K,16,2,Travel_Frequently,1,No,9,3,5,4-6 yr,2,1,5,Promoted <=1yr,3,4,4,4,4,2,3,No,0.2343,Low
1514,28,Female,Single,Research & Development,Manager,Medical,3,2,4537,3K-6K,16,1,Travel_Rarely,1,Yes,6,1,6,4-6 yr,6,1,0,Promoted <=1yr,6,3,4,4,2,4,4,Yes,0.6494,High
1515,49,Male,Single,Sales,Manager,Other,3,5,16131,15K+ (High),15,1,Travel_Frequently,3,No,28,2,0,0-1 yr,0,0,0,Promoted <=1yr,5,2,1,1,4,3,3,No,0.5903,High
1516,32,Male,Married,Research & Development,Healthcare Representative,Medical,1,2,5663,3K-6K,17,0,Travel_Rarely,4,No,7,2,7,7-10 yr,0,0,2,Promoted <=1yr,4,1,3,3,3,2,3,No,0.546,High
1517,43,Female,Married,Research & Development,Laboratory Technician,Other,3,4,9160,6K-10K,17,0,Travel_Rarely,29,No,22,6,3,2-3 yr,3,3,3,Not Recently Promoted,3,3,4,2,2,2,3,No,0.3705,Moderate
1518,41,Female,Single,Research & Development,Manufacturing Director,Other,3,4,11607,10K-15K,11,0,Travel_Rarely,16,No,21,3,10,7-10 yr,2,0,0,Promoted <=1yr,4,3,2,3,4,3,3,Yes,0.4312,Moderate
1519,33,Male,Single,Research & Development,Research Director,Technical Degree,4,4,11861,10K-15K,11,0,Travel_Rarely,14,No,12,4,0,0-1 yr,0,0,0,Promoted <=1yr,3,2,4,4,3,3,4,No,0.4429,Moderate
1520,18,Male,Married,Sales,Sales Representative,Life Sciences,5,1,2224,<3K (Low),19,1,Travel_Rarely,7,No,0,1,0,0-1 yr,0,0,0,Promoted <=1yr,2,1,1,2,2,2,3,No,0.7302,High
1521,46,Female,Single,Human Resources,Human Resources,Other,3,5,20000,15K+ (High),20,0,Travel_Frequently,14,Yes,24,1,0,0-1 yr,0,0,0,Promoted <=1yr,3,4,3,3,3,2,3,Yes,0.6256,High
1522,42,Male,Married,Research & Development,Healthcare Representative,Life Sciences,3,4,12855,10K-15K,18,0,Travel_Frequently,2,No,19,3,0,0-1 yr,0,0,0,Promoted <=1yr,4,3,2,4,2,3,3,Yes,0.3575,Moderate
1523,35,Male,Married,Research & Development,Manager,Technical Degree,3,3,6504,6K-10K,18,0,Travel_Frequently,8,Yes,15,1,15,10+ yr,0,1,3,Promoted <=1yr,1,2,2,4,3,4,3,Yes,0.6937,High
1524,38,Male,Married,Sales,Sales Executive,Other,3,3,5786,3K-6K,18,0,Travel_Frequently,3,No,16,2,3,2-3 yr,1,1,3,Promoted <=1yr,5,3,4,3,3,2,3,No,0.4155,Moderate
1525,41,Male,Married,Sales,Manager,Life Sciences,4,4,13667,10K-15K,14,2,Travel_Rarely,3,Yes,19,4,1,0-1 yr,1,1,1,Promoted <=1yr,3,3,3,4,2,2,3,No,0.4345,Moderate
1526,47,Male,Married,Sales,Manager,Other,4,5,14700,10K-15K,22,0,Travel_Rarely,1,No,24,1,0,0-1 yr,0,0,0,Promoted <=1yr,0,2,4,1,3,2,3,No,0.2414,Low
1527,40,Male,Single,Sales,Manager,Marketing,4,4,13606,10K-15K,14,1,Travel_Rarely,18,Yes,16,2,4,4-6 yr,4,0,0,Promoted <=1yr,5,3,3,1,3,2,3,Yes,0.6685,High
1528,37,Male,Married,Human Resources,Manager,Human Resources,3,3,8031,6K-10K,16,0,Travel_Frequently,6,Yes,15,5,1,0-1 yr,0,1,1,Promoted <=1yr,3,2,2,2,1,2,3,Yes,0.8027,Critical
1529,33,Male,Divorced,Research & Development,Manufacturing Director,Technical Degree,2,3,7021,6K-10K,15,2,Travel_Frequently,1,Yes,12,2,0,0-1 yr,0,0,0,Promoted <=1yr,5,4,3,2,3,3,4,No,0.7157,High
1530,36,Male,Married,Research & Development,Research Scientist,Medical,2,3,7048,6K-10K,11,3,Travel_Rarely,2,No,14,1,6,4-6 yr,2,0,0,Promoted <=1yr,3,4,3,4,3,2,3,No,0.1819,Low
1531,31,Male,Single,Research & Development,Healthcare Representative,Technical Degree,2,2,5343,3K-6K,15,1,Travel_Rarely,1,No,10,3,10,7-10 yr,6,0,1,Promoted <=1yr,3,2,4,3,2,2,3,No,0.4172,Moderate
1532,34,Female,Married,Research & Development,Manager,Life Sciences,2,3,8406,6K-10K,18,2,Travel_Rarely,7,No,12,2,8,7-10 yr,0,0,1,Promoted <=1yr,4,2,3,3,2,1,3,Yes,0.5857,High
1533,20,Female,Divorced,Research & Development,Healthcare Representative,Technical Degree,4,2,4503,3K-6K,12,3,Travel_Rarely,29,No,0,5,0,0-1 yr,0,0,0,Promoted <=1yr,4,3,4,4,4,3,3,No,0.6537,High
1534,29,Male,Married,Research & Development,Manufacturing Director,Life Sciences,3,2,6340,6K-10K,11,2,Travel_Rarely,3,No,7,3,1,0-1 yr,0,0,0,Promoted <=1yr,2,4,3,4,1,2,3,No,0.3081,Moderate
1535,19,Female,Divorced,Sales,Sales Executive,Life Sciences,4,1,2708,<3K (Low),17,0,Travel_Rarely,1,Yes,0,2,0,0-1 yr,0,0,0,Promoted <=1yr,6,3,2,4,2,3,3,Yes,0.7999,Critical
1536,37,Female,Single,Research & Development,Healthcare Representative,Other,3,3,7913,6K-10K,16,2,Non-Travel,7,No,16,2,2,2-3 yr,2,1,2,Promoted <=1yr,2,2,3,4,4,3,3,No,0.4087,Moderate
1537,57,Female,Single,Sales,Sales Representative,Other,3,5,16389,15K+ (High),11,0,Travel_Rarely,7,Yes,36,2,0,0-1 yr,0,0,0,Promoted <=1yr,2,4,4,2,1,3,3,No,0.2064,Low
1538,37,Male,Single,Research & Development,Research Director,Technical Degree,4,3,7623,6K-10K,13,0,Travel_Frequently,4,No,17,3,0,0-1 yr,0,0,0,Promoted <=1yr,3,1,1,2,3,3,3,No,0.7499,High
1539,27,Female,Single,Sales,Sales Representative,Marketing,4,1,1907,<3K (Low),24,2,Travel_Frequently,1,No,3,4,3,2-3 yr,0,3,2,Not Recently Promoted,1,4,1,1,3,4,3,Yes,0.5617,High
1540,45,Female,Single,Research & Development,Manager,Other,3,4,12745,10K-15K,14,2,Travel_Frequently,17,No,19,1,1,0-1 yr,1,1,0,Promoted <=1yr,4,3,2,2,3,3,3,No,0.6847,High
1541,25,Female,Single,Research & Development,Research Scientist,Other,4,1,2826,<3K (Low),14,0,Travel_Rarely,8,No,4,1,4,4-6 yr,1,1,2,Promoted <=1yr,6,1,3,3,2,2,3,Yes,0.7398,High
1542,31,Male,Married,Research & Development,Healthcare Representative,Life Sciences,3,2,5530,3K-6K,14,3,Travel_Frequently,3,No,7,8,0,0-1 yr,0,0,0,Promoted <=1yr,3,3,3,4,3,1,3,No,0.6746,High
1543,42,Male,Married,Sales,Manager,Other,3,4,10186,10K-15K,12,0,Travel_Rarely,16,No,20,3,0,0-1 yr,0,0,0,Promoted <=1yr,4,2,2,3,2,3,3,Yes,0.4465,Moderate
1544,34,Male,Married,Research & Development,Manager,Medical,3,3,7422,6K-10K,12,2,Travel_Rarely,29,No,13,4,3,2-3 yr,0,2,0,Not Recently Promoted,2,4,4,3,4,4,3,No,0.4499,Moderate
1545,31,Male,Married,Sales,Sales Executive,Marketing,1,2,5187,3K-6K,14,0,Travel_Rarely,9,No,10,8,10,7-10 yr,0,3,0,Not Recently Promoted,3,2,4,1,3,3,4,No,0.6458,High
1546,36,Female,Single,Research & Development,Research Director,Technical Degree,2,3,8515,6K-10K,13,0,Travel_Rarely,1,No,14,4,2,2-3 yr,2,2,2,Not Recently Promoted,6,4,3,1,3,2,3,No,0.4108,Moderate
1547,26,Female,Married,Sales,Sales Representative,Life Sciences,4,1,2746,<3K (Low),14,1,Travel_Rarely,1,No,5,2,0,0-1 yr,0,0,0,Promoted <=1yr,2,1,4,3,2,2,4,No,0.5043,High
1548,41,Female,Married,Research & Development,Healthcare Representative,Life Sciences,3,4,13136,10K-15K,11,0,Travel_Rarely,3,Yes,19,3,1,0-1 yr,1,0,0,Promoted <=1yr,5,2,4,1,3,4,3,No,0.3961,Moderate
1549,31,Female,Married,Research & Development,Laboratory Technician,Life Sciences,1,2,5259,3K-6K,14,2,Travel_Rarely,3,No,8,3,8,7-10 yr,1,1,1,Promoted <=1yr,0,4,1,4,3,3,3,Yes,0.1797,Low
1550,26,Female,Divorced,Research & Development,Healthcare Representative,Other,3,1,3046,3K-6K,14,0,Travel_Rarely,1,No,2,4,1,0-1 yr,0,0,0,Promoted <=1yr,2,3,3,3,3,3,4,No,0.5,Moderate
1551,38,Female,Single,Research & Development,Manufacturing Director,Medical,4,4,14022,10K-15K,11,3,Travel_Rarely,8,No,16,3,0,0-1 yr,0,0,0,Promoted <=1yr,3,4,2,3,2,4,3,No,0.224,Low
1552,33,Female,Married,Research & Development,Research Director,Other,3,3,4729,3K-6K,18,3,Travel_Rarely,2,Yes,12,3,7,7-10 yr,0,0,1,Promoted <=1yr,3,3,4,4,2,3,3,No,0.3916,Moderate
1553,28,Male,Single,Research & Development,Manager,Life Sciences,3,2,4680,3K-6K,15,1,Travel_Rarely,9,No,6,3,0,0-1 yr,0,0,0,Promoted <=1yr,3,3,2,3,2,3,3,Yes,0.6937,High
1554,37,Female,Single,Research & Development,Healthcare Representative,Life Sciences,4,4,13317,10K-15K,15,0,Travel_Rarely,7,No,17,0,7,7-10 yr,1,1,0,Promoted <=1yr,1,4,1,1,1,3,3,No,0.2234,Low
1555,31,Male,Single,Research & Development,Manager,Medical,3,2,5799,3K-6K,16,1,Travel_Rarely,12,Yes,8,5,1,0-1 yr,0,0,1,Promoted <=1yr,5,2,2,4,3,2,3,Yes,0.9334,Critical
1556,37,Male,Married,Research & Development,Manager,Other,2,3,7556,6K-10K,14,1,Travel_Rarely,1,No,14,2,3,2-3 yr,0,2,3,Not Recently Promoted,2,3,2,3,1,3,3,No,0.2823,Moderate
1557,53,Female,Single,Research & Development,Laboratory Technician,Technical Degree,2,5,15900,15K+ (High),14,0,Travel_Rarely,29,Yes,30,4,8,7-10 yr,0,2,1,Not Recently Promoted,3,2,4,3,4,3,3,No,0.5976,High
1558,42,Male,Single,Sales,Sales Representative,Life Sciences,3,4,11086,10K-15K,20,2,Travel_Rarely,9,No,20,5,5,4-6 yr,2,0,0,Promoted <=1yr,2,4,4,3,4,2,3,No,0.3686,Moderate
1559,26,Female,Married,Research & Development,Research Scientist,Technical Degree,3,1,1790,<3K (Low),16,3,Travel_Rarely,4,No,4,2,3,2-3 yr,2,2,3,Not Recently Promoted,1,3,3,2,1,3,3,No,0.2576,Moderate
1560,52,Male,Single,Sales,Sales Executive,Life Sciences,3,5,19523,15K+ (High),17,1,Travel_Rarely,4,Yes,31,5,9,7-10 yr,1,3,1,Not Recently Promoted,3,1,1,4,1,3,3,No,0.5965,High
1561,43,Female,Single,Research & Development,Research Scientist,Technical Degree,4,4,9314,6K-10K,16,0,Travel_Rarely,4,No,21,3,1,0-1 yr,1,0,0,Promoted <=1yr,4,1,2,4,2,3,4,No,0.4914,Moderate
1562,29,Male,Single,Sales,Sales Representative,Marketing,4,1,1669,<3K (Low),16,0,Travel_Rarely,24,No,5,2,5,4-6 yr,0,1,5,Promoted <=1yr,1,1,2,4,3,3,3,Yes,0.6869,High
1563,37,Male,Single,Sales,Manager,Life Sciences,4,4,13234,10K-15K,11,0,Travel_Rarely,3,Yes,15,4,4,4-6 yr,3,1,2,Promoted <=1yr,3,3,4,3,3,3,3,No,0.4433,Moderate
1564,41,Female,Single,Research & Development,Manager,Life Sciences,4,4,13126,10K-15K,14,1,Non-Travel,2,Yes,21,2,7,7-10 yr,1,0,0,Promoted <=1yr,3,1,4,3,1,3,3,No,0.6767,High
1565,42,Male,Single,Sales,Manager,Life Sciences,3,4,15011,15K+ (High),17,2,Travel_Rarely,12,No,20,1,11,10+ yr,1,0,1,Promoted <=1yr,2,2,4,4,3,2,3,No,0.2925,Moderate
1566,32,Male,Married,Sales,Sales Executive,Other,4,2,5917,3K-6K,11,2,Travel_Rarely,3,No,11,2,0,0-1 yr,0,0,0,Promoted <=1yr,5,4,4,4,3,3,4,No,0.3125,Moderate
1567,45,Male,Divorced,Research & Development,Manufacturing Director,Other,3,5,20000,15K+ (High),16,0,Travel_Rarely,10,No,24,4,0,0-1 yr,0,0,0,Promoted <=1yr,3,2,3,4,2,3,3,No,0.2855,Moderate
1568,34,Male,Married,Research & Development,Manager,Life Sciences,3,3,8377,6K-10K,12,0,Travel_Rarely,4,No,13,3,0,0-1 yr,0,0,0,Promoted <=1yr,4,3,4,2,2,3,3,No,0.4199,Moderate
1569,32,Male,Divorced,Research & Development,Healthcare Representative,Medical,1,2,5261,3K-6K,15,0,Travel_Rarely,1,Yes,8,3,4,4-6 yr,3,0,3,Promoted <=1yr,2,2,2,3,3,2,3,No,0.6647,High
1570,33,Female,Married,Research & Development,Healthcare Representative,Technical Degree,1,3,7218,6K-10K,19,1,Travel_Frequently,1,No,13,3,0,0-1 yr,0,0,0,Promoted <=1yr,3,3,4,3,2,3,3,No,0.4186,Moderate
1571,38,Female,Divorced,Research & Development,Healthcare Representative,Medical,3,3,7053,6K-10K,18,1,Travel_Rarely,1,Yes,14,5,7,7-10 yr,7,0,2,Promoted <=1yr,4,4,4,4,3,3,3,No,0.3611,Moderate
1572,31,Male,Divorced,Research & Development,Manager,Medical,4,3,7850,6K-10K,18,0,Travel_Rarely,12,No,9,1,9,7-10 yr,3,0,0,Promoted <=1yr,4,3,1,2,3,3,3,No,0.5725,High
1573,36,Female,Married,Research & Development,Healthcare Representative,Life Sciences,4,4,11546,10K-15K,11,2,Travel_Frequently,6,No,12,5,7,7-10 yr,1,0,7,Promoted <=1yr,4,3,4,1,1,2,3,No,0.263,Moderate
1574,34,Female,Married,Research & Development,Manufacturing Director,Other,3,3,7402,6K-10K,12,3,Travel_Rarely,2,No,13,2,1,0-1 yr,1,1,1,Promoted <=1yr,0,2,4,1,2,3,3,No,0.3332,Moderate
1575,45,Male,Single,Research & Development,Manufacturing Director,Life Sciences,3,4,10933,10K-15K,14,0,Travel_Rarely,10,No,23,1,0,0-1 yr,0,0,0,Promoted <=1yr,0,1,3,3,2,1,3,No,0.607,High
1576,47,Female,Single,Sales,Sales Representative,Life Sciences,2,5,17673,15K+ (High),14,0,Travel_Rarely,6,Yes,26,5,3,2-3 yr,3,1,3,Promoted <=1yr,5,3,2,3,3,3,4,Yes,0.4691,Moderate
1577,21,Male,Married,Research & Development,Research Director,Other,3,1,2377,<3K (Low),14,0,Travel_Rarely,1,No,0,4,0,0-1 yr,0,0,0,Promoted <=1yr,1,3,3,2,3,3,3,No,0.4122,Moderate
1578,37,Male,Single,Sales,Sales Executive,Marketing,4,3,6624,6K-10K,22,1,Travel_Rarely,24,No,16,3,5,4-6 yr,2,1,1,Promoted <=1yr,5,1,4,3,3,3,3,No,0.7602,Critical
1579,22,Female,Married,Research & Development,Laboratory Technician,Other,3,1,2670,<3K (Low),14,0,Travel_Rarely,12,Yes,0,3,0,0-1 yr,0,0,0,Promoted <=1yr,3,4,3,4,4,3,3,Yes,0.5969,High
1580,37,Female,Single,Research & Development,Research Director,Life Sciences,3,3,5693,3K-6K,11,0,Travel_Rarely,1,Yes,15,4,14,10+ yr,2,3,0,Not Recently Promoted,2,1,4,3,2,3,3,Yes,0.7093,High
1581,29,Male,Single,Sales,Sales Executive,Marketing,2,2,4906,3K-6K,12,1,Travel_Frequently,10,No,8,5,5,4-6 yr,5,2,1,Not Recently Promoted,1,4,3,4,4,3,3,No,0.4947,Moderate
1582,43,Male,Single,Sales,Sales Representative,Life Sciences,3,4,9229,6K-10K,11,1,Travel_Rarely,19,Yes,23,4,5,4-6 yr,5,5,0,Not Recently Promoted,1,2,2,1,3,2,3,No,0.8124,Critical
1583,38,Female,Single,Sales,Sales Representative,Life Sciences,4,4,12733,10K-15K,11,3,Travel_Rarely,2,No,18,4,2,2-3 yr,0,1,0,Promoted <=1yr,2,4,2,4,2,2,3,No,0.32,Moderate
1584,31,Male,Single,Research & Development,Healthcare Representative,Medical,4,3,7520,6K-10K,15,0,Travel_Rarely,1,No,10,2,9,7-10 yr,1,0,1,Promoted <=1yr,5,1,3,1,2,3,3,Yes,0.5796,High
1585,38,Male,Single,Sales,Sales Representative,Life Sciences,3,3,9379,6K-10K,17,1,Travel_Rarely,1,Yes,15,2,7,7-10 yr,0,0,0,Promoted <=1yr,1,2,1,3,1,3,3,No,0.5363,High
1586,35,Female,Divorced,Research & Development,Healthcare Representative,Medical,4,3,8842,6K-10K,19,0,Travel_Rarely,1,Yes,15,5,1,0-1 yr,0,0,1,Promoted <=1yr,5,4,1,3,3,3,3,No,0.6605,High
1587,27,Female,Married,Research & Development,Research Scientist,Medical,4,2,3261,3K-6K,11,0,Non-Travel,16,Yes,7,3,3,2-3 yr,3,0,0,Promoted <=1yr,3,3,4,3,1,3,3,Yes,0.5243,High
1588,52,Male,Divorced,Sales,Sales Representative,Other,2,5,17172,15K+ (High),15,2,Travel_Rarely,16,Yes,31,4,5,4-6 yr,3,5,1,Not Recently Promoted,5,3,4,3,3,3,3,No,0.4932,Moderate
1589,38,Female,Single,Research & Development,Research Director,Medical,3,3,7976,6K-10K,14,2,Travel_Rarely,8,No,15,4,8,7-10 yr,0,2,0,Not Recently Promoted,2,2,1,4,4,2,4,Yes,0.6381,High
1590,48,Male,Single,Sales,Sales Representative,Other,4,5,18459,15K+ (High),11,0,Travel_Rarely,1,No,28,2,6,4-6 yr,0,0,0,Promoted <=1yr,3,3,1,1,1,3,3,No,0.1901,Low
1591,41,Female,Divorced,Research & Development,Research Scientist,Life Sciences,2,3,7205,6K-10K,14,1,Travel_Rarely,1,No,17,1,11,10+ yr,1,0,5,Promoted <=1yr,4,4,2,3,3,3,4,No,0.1436,Low
1592,38,Male,Married,Sales,Sales Executive,Other,4,4,13312,10K-15K,11,1,Travel_Rarely,12,No,16,1,4,4-6 yr,4,4,1,Not Recently Promoted,3,4,4,3,2,3,3,No,0.1717,Low
1593,40,Male,Married,Research & Development,Laboratory Technician,Life Sciences,4,4,7860,6K-10K,17,0,Travel_Frequently,6,No,19,3,4,4-6 yr,4,0,0,Promoted <=1yr,3,4,1,2,2,3,3,Yes,0.2379,Low
1594,39,Male,Single,Research & Development,Research Scientist,Other,1,4,14243,10K-15K,14,2,Travel_Rarely,3,No,18,1,18,10+ yr,0,2,0,Not Recently Promoted,6,3,1,4,4,3,3,No,0.3482,Moderate
1595,45,Male,Married,Sales,Sales Executive,Life Sciences,3,4,11393,10K-15K,17,2,Travel_Rarely,1,Yes,20,4,0,0-1 yr,0,0,0,Promoted <=1yr,2,2,4,3,3,2,3,No,0.6129,High
1596,39,Male,Married,Human Resources,Manager,Human Resources,4,5,20000,15K+ (High),15,2,Travel_Rarely,1,Yes,18,3,14,10+ yr,0,7,3,Not Recently Promoted,5,3,3,1,1,4,3,No,0.3391,Moderate
1597,41,Male,Married,Research & Development,Manufacturing Director,Other,4,4,12086,10K-15K,15,2,Travel_Rarely,1,No,20,3,4,4-6 yr,0,0,1,Promoted <=1yr,1,4,3,2,1,3,3,No,0.1373,Low
1598,59,Male,Married,Research & Development,Manufacturing Director,Medical,3,5,15344,15K+ (High),19,0,Travel_Rarely,29,No,39,1,17,10+ yr,0,4,0,Not Recently Promoted,1,3,3,3,3,2,3,No,0.2893,Moderate
1599,31,Male,Married,Sales,Sales Executive,Marketing,3,2,3982,3K-6K,12,1,Non-Travel,5,No,7,3,2,2-3 yr,0,1,2,Promoted <=1yr,4,4,3,3,1,3,4,Yes,0.3398,Moderate
1600,42,Male,Single,Sales,Sales Representative,Life Sciences,4,4,7203,6K-10K,14,1,Travel_Rarely,10,Yes,21,0,15,10+ yr,2,2,1,Not Recently Promoted,2,2,4,2,4,3,4,Yes,0.5422,High
1601,42,Male,Divorced,Research & Development,Research Scientist,Technical Degree,3,4,11628,10K-15K,12,2,Travel_Frequently,9,No,21,3,0,0-1 yr,0,0,0,Promoted <=1yr,4,3,1,4,3,3,3,No,0.4663,Moderate
1602,49,Male,Married,Research & Development,Manufacturing Director,Medical,4,5,15348,15K+ (High),12,1,Travel_Rarely,3,No,28,3,4,4-6 yr,2,1,4,Promoted <=1yr,2,4,4,3,3,3,4,No,0.1063,Low
1603,38,Male,Married,Sales,Manager,Marketing,4,3,7176,6K-10K,16,0,Travel_Rarely,16,No,15,3,0,0-1 yr,0,0,0,Promoted <=1yr,5,3,2,1,3,4,4,No,0.4061,Moderate
1604,27,Male,Married,Research & Development,Laboratory Technician,Technical Degree,3,1,2457,<3K (Low),11,0,Travel_Rarely,7,No,5,4,4,4-6 yr,4,0,4,Promoted <=1yr,3,2,4,2,3,3,3,No,0.249,Low
1605,19,Female,Single,Research & Development,Manufacturing Director,Other,4,1,2053,<3K (Low),15,1,Travel_Rarely,10,No,0,4,0,0-1 yr,0,0,0,Promoted <=1yr,1,4,4,2,1,1,3,No,0.6228,High
1606,27,Male,Divorced,Research & Development,Manufacturing Director,Other,3,1,2051,<3K (Low),11,2,Travel_Rarely,14,No,5,3,1,0-1 yr,1,0,1,Promoted <=1yr,2,1,3,4,2,4,3,No,0.6354,High
1607,34,Male,Single,Research & Development,Healthcare Representative,Technical Degree,3,2,3885,3K-6K,11,0,Travel_Rarely,10,No,10,4,2,2-3 yr,2,2,2,Not Recently Promoted,4,4,2,4,4,2,4,No,0.5977,High
1608,25,Female,Single,Sales,Sales Representative,Other,2,1,2802,<3K (Low),18,1,Travel_Rarely,3,Yes,5,0,2,2-3 yr,0,1,1,Promoted <=1yr,0,1,4,1,2,1,3,Yes,0.8065,Critical
1609,39,Female,Married,Sales,Sales Executive,Marketing,2,4,13141,10K-15K,16,1,Travel_Rarely,7,No,19,2,2,2-3 yr,2,2,1,Not Recently Promoted,3,2,4,3,2,1,3,No,0.3923,Moderate
1610,48,Female,Single,Human Resources,Human Resources,Other,3,5,14931,10K-15K,17,0,Travel_Rarely,29,No,26,3,1,0-1 yr,0,1,0,Promoted <=1yr,1,4,2,3,3,3,3,No,0.4476,Moderate
1611,24,Female,Married,Sales,Manager,Life Sciences,3,1,1998,<3K (Low),12,3,Travel_Rarely,9,Yes,2,1,1,0-1 yr,1,1,0,Promoted <=1yr,6,4,2,4,2,2,3,No,0.6708,High
1612,44,Female,Married,Research & Development,Manufacturing Director,Other,1,4,13237,10K-15K,18,2,Travel_Rarely,1,No,23,1,2,2-3 yr,2,1,2,Promoted <=1yr,1,1,3,4,4,3,4,No,0.2591,Moderate
1613,43,Male,Divorced,Research & Development,Research Director,Life Sciences,2,4,13086,10K-15K,15,0,Travel_Rarely,7,Yes,21,2,0,0-1 yr,0,0,0,Promoted <=1yr,3,2,4,3,3,2,3,Yes,0.6425,High
1614,39,Male,Single,Research & Development,Manager,Medical,3,3,6603,6K-10K,16,2,Travel_Rarely,7,Yes,14,0,1,0-1 yr,0,1,1,Promoted <=1yr,4,1,2,3,3,3,3,Yes,0.9045,Critical
1615,40,Female,Single,Research & Development,Healthcare Representative,Life Sciences,2,4,12421,10K-15K,17,1,Travel_Rarely,6,No,20,2,2,2-3 yr,1,2,2,Not Recently Promoted,5,1,4,3,3,3,3,Yes,0.5253,High
1616,40,Male,Divorced,Research & Development,Manufacturing Director,Other,3,4,12803,10K-15K,14,0,Non-Travel,5,Yes,19,3,9,7-10 yr,6,2,7,Not Recently Promoted,1,2,4,4,2,2,4,No,0.401,Moderate
1617,25,Male,Divorced,Research & Development,Manager,Other,2,1,2134,<3K (Low),21,2,Travel_Frequently,4,No,3,2,1,0-1 yr,1,1,1,Promoted <=1yr,3,1,2,4,1,3,3,No,0.8195,Critical
1618,23,Male,Married,Research & Development,Manufacturing Director,Medical,3,1,1922,<3K (Low),17,0,Travel_Rarely,16,No,1,6,1,0-1 yr,1,0,1,Promoted <=1yr,6,3,4,4,2,3,3,No,0.7178,High
1619,37,Male,Divorced,Sales,Sales Representative,Marketing,1,3,7519,6K-10K,13,3,Travel_Rarely,1,No,16,0,7,7-10 yr,0,5,0,Not Recently Promoted,3,1,1,4,2,2,4,Yes,0.592,High
1620,38,Male,Married,Research & Development,Manufacturing Director,Medical,4,3,6743,6K-10K,14,2,Travel_Rarely,4,Yes,17,1,6,4-6 yr,6,2,2,Not Recently Promoted,2,2,4,1,2,1,3,No,0.6193,High
1621,36,Female,Divorced,Research & Development,Healthcare Representative,Medical,4,3,7013,6K-10K,19,0,Travel_Rarely,4,Yes,13,3,7,7-10 yr,0,3,1,Not Recently Promoted,5,1,3,1,4,3,3,No,0.839,Critical
1622,42,Male,Married,Sales,Sales Representative,Life Sciences,4,5,20000,15K+ (High),11,1,Travel_Rarely,3,No,19,0,12,10+ yr,2,1,4,Promoted <=1yr,3,1,3,4,3,4,3,No,0.0866,Low
1623,45,Female,Single,Sales,Manager,Marketing,4,5,16343,15K+ (High),17,3,Travel_Rarely,10,No,22,4,0,0-1 yr,0,0,0,Promoted <=1yr,5,1,4,3,4,4,3,No,0.464,Moderate
1624,46,Female,Single,Sales,Sales Representative,Life Sciences,3,4,9366,6K-10K,20,3,Non-Travel,1,No,22,5,12,10+ yr,2,0,0,Promoted <=1yr,5,3,2,3,1,2,3,No,0.4038,Moderate
1625,35,Male,Married,Human Resources,Manager,Other,3,3,6880,6K-10K,17,2,Travel_Rarely,4,No,12,3,0,0-1 yr,0,0,0,Promoted <=1yr,2,4,3,1,3,2,3,Yes,0.3864,Moderate
1626,34,Male,Single,Research & Development,Research Scientist,Medical,4,2,3198,3K-6K,12,0,Travel_Rarely,5,No,10,6,4,4-6 yr,1,4,1,Not Recently Promoted,3,4,4,1,2,2,3,Yes,0.5515,High
1627,25,Female,Married,Sales,Sales Executive,Life Sciences,1,1,2925,<3K (Low),15,3,Travel_Rarely,1,No,5,3,4,4-6 yr,4,1,4,Promoted <=1yr,3,4,3,4,3,4,3,No,0.1738,Low
1628,22,Male,Married,Research & Development,Manufacturing Director,Life Sciences,2,1,3145,3K-6K,25,0,Travel_Frequently,2,No,0,5,0,0-1 yr,0,0,0,Promoted <=1yr,5,1,4,1,3,2,4,Yes,0.8263,Critical
1629,18,Male,Married,Research & Development,Laboratory Technician,Life Sciences,2,1,3700,3K-6K,16,1,Travel_Rarely,1,Yes,0,3,0,0-1 yr,0,0,0,Promoted <=1yr,3,4,2,2,2,3,3,No,0.479,Moderate
1630,46,Male,Married,Sales,Manager,Other,3,4,13387,10K-15K,17,1,Travel_Rarely,4,No,23,1,1,0-1 yr,1,1,1,Promoted <=1yr,4,1,1,3,3,2,3,No,0.46,Moderate
1631,23,Male,Married,Research & Development,Manufacturing Director,Technical Degree,3,1,3137,3K-6K,11,2,Travel_Rarely,3,Yes,3,1,3,2-3 yr,0,2,0,Not Recently Promoted,2,4,1,2,2,2,3,Yes,0.6765,High
1632,46,Female,Divorced,Research & Development,Laboratory Technician,Technical Degree,4,5,16056,15K+ (High),20,0,Travel_Rarely,2,No,26,0,0,0-1 yr,0,0,0,Promoted <=1yr,0,2,4,4,3,2,3,No,0.1317,Low
1633,34,Male,Married,Sales,Manager,Marketing,1,3,6855,6K-10K,13,0,Travel_Rarely,9,Yes,13,2,13,10+ yr,2,2,2,Not Recently Promoted,2,2,3,3,3,3,3,No,0.4932,Moderate
1634,40,Male,Divorced,Sales,Sales Representative,Marketing,3,4,12646,10K-15K,14,2,Travel_Rarely,12,No,20,2,20,10+ yr,0,1,0,Promoted <=1yr,3,2,4,3,3,3,3,No,0.2893,Moderate
1635,50,Female,Married,Research & Development,Research Director,Life Sciences,4,5,14055,10K-15K,14,0,Travel_Rarely,15,No,30,2,4,4-6 yr,1,4,1,Not Recently Promoted,3,3,3,1,2,4,3,No,0.1546,Low
1636,34,Male,Single,Research & Development,Laboratory Technician,Life Sciences,3,3,10383,10K-15K,22,0,Travel_Rarely,1,No,13,6,1,0-1 yr,1,0,0,Promoted <=1yr,2,3,4,4,1,2,3,No,0.2899,Moderate
1637,41,Female,Married,Research & Development,Manufacturing Director,Technical Degree,2,3,7410,6K-10K,17,0,Travel_Rarely,24,No,16,3,0,0-1 yr,0,0,0,Promoted <=1yr,3,3,3,2,3,2,3,No,0.5746,High
1638,37,Male,Married,Research & Development,Research Director,Medical,1,3,6823,6K-10K,13,0,Travel_Rarely,4,No,14,3,1,0-1 yr,1,0,1,Promoted <=1yr,0,4,3,4,2,4,3,No,0.1147,Low
1639,55,Female,Divorced,Research & Development,Manufacturing Director,Medical,3,5,20000,15K+ (High),18,2,Travel_Rarely,4,Yes,35,2,1,0-1 yr,0,0,1,Promoted <=1yr,4,3,4,3,3,2,3,Yes,0.3867,Moderate
1640,37,Male,Divorced,Sales,Manager,Other,4,4,10376,10K-15K,13,0,Travel_Rarely,17,No,14,1,13,10+ yr,2,1,2,Promoted <=1yr,2,4,3,1,2,2,3,No,0.2698,Moderate
1641,37,Male,Married,Human Resources,Manager,Human Resources,2,3,5822,3K-6K,14,0,Travel_Rarely,8,No,15,4,15,10+ yr,0,0,1,Promoted <=1yr,5,1,2,3,1,2,3,No,0.5507,High
1642,26,Male,Married,Research & Development,Research Scientist,Medical,4,1,2350,<3K (Low),17,0,Travel_Rarely,2,No,3,2,0,0-1 yr,0,0,0,Promoted <=1yr,0,2,4,2,4,3,3,No,0.3862,Moderate
1643,37,Male,Single,Research & Development,Manager,Technical Degree,3,3,6580,6K-10K,11,0,Travel_Rarely,9,Yes,15,3,5,4-6 yr,1,5,1,Not Recently Promoted,4,2,1,4,3,3,4,Yes,0.8677,Critical
1644,41,Male,Single,Sales,Manager,Marketing,4,5,13868,10K-15K,24,1,Non-Travel,1,Yes,19,3,6,4-6 yr,3,0,6,Promoted <=1yr,5,3,1,4,2,4,3,No,0.4916,Moderate
1645,32,Female,Divorced,Sales,Sales Representative,Life Sciences,1,2,3941,3K-6K,19,1,Travel_Frequently,10,No,11,2,2,2-3 yr,0,2,2,Not Recently Promoted,0,3,4,3,3,3,3,No,0.4638,Moderate
1646,34,Male,Married,Sales,Sales Representative,Life Sciences,3,2,5674,3K-6K,13,0,Non-Travel,5,No,10,5,1,0-1 yr,1,1,1,Promoted <=1yr,4,1,1,2,3,2,3,No,0.6531,High
1647,27,Female,Divorced,Research & Development,Research Scientist,Life Sciences,4,3,8393,6K-10K,11,0,Travel_Rarely,28,No,7,3,4,4-6 yr,3,3,4,Not Recently Promoted,2,4,1,4,3,3,3,No,0.3578,Moderate
1648,21,Female,Divorced,Research & Development,Manager,Medical,1,1,1917,<3K (Low),19,0,Travel_Rarely,4,No,0,1,0,0-1 yr,0,0,0,Promoted <=1yr,3,1,3,2,3,3,3,Yes,0.7987,Critical
1649,28,Female,Single,Sales,Manager,Life Sciences,3,2,6388,6K-10K,12,0,Travel_Rarely,3,No,6,3,0,0-1 yr,0,0,0,Promoted <=1yr,3,1,1,4,3,3,4,No,0.6428,High
1650,21,Male,Single,Research & Development,Research Director,Other,1,1,3520,3K-6K,14,0,Travel_Rarely,10,No,0,2,0,0-1 yr,0,0,0,Promoted <=1yr,4,1,2,2,2,3,3,Yes,0.7427,High
1651,40,Female,Divorced,Sales,Manager,Marketing,2,4,9892,6K-10K,13,0,Travel_Frequently,1,No,19,3,2,2-3 yr,2,2,2,Not Recently Promoted,3,1,2,4,2,2,3,Yes,0.5828,High
1652,30,Male,Married,Research & Development,Laboratory Technician,Medical,4,2,5416,3K-6K,19,3,Travel_Frequently,13,Yes,9,1,4,4-6 yr,2,2,1,Not Recently Promoted,4,1,1,2,3,3,3,No,0.7608,Critical
1653,40,Male,Married,Research & Development,Laboratory Technician,Medical,3,3,4724,3K-6K,13,0,Travel_Frequently,9,No,17,2,3,2-3 yr,1,3,3,Not Recently Promoted,1,2,1,2,2,3,3,No,0.4136,Moderate
1654,42,Male,Married,Research & Development,Manager,Technical Degree,4,4,9523,6K-10K,12,2,Travel_Rarely,12,Yes,21,2,8,7-10 yr,1,0,1,Promoted <=1yr,0,4,4,4,3,2,4,No,0.4192,Moderate
1655,43,Male,Married,Sales,Sales Executive,Other,4,4,9017,6K-10K,19,1,Travel_Rarely,1,No,20,0,1,0-1 yr,1,1,1,Promoted <=1yr,0,2,4,3,4,2,3,No,0.2686,Moderate
1656,46,Male,Married,Research & Development,Manufacturing Director,Technical Degree,4,5,16470,15K+ (High),21,0,Travel_Rarely,9,Yes,25,0,4,4-6 yr,3,3,3,Not Recently Promoted,3,4,1,4,2,3,3,No,0.3575,Moderate
1657,41,Male,Married,Sales,Sales Executive,Marketing,4,4,12610,10K-15K,17,2,Travel_Rarely,1,Yes,18,2,4,4-6 yr,4,2,4,Not Recently Promoted,1,4,2,4,4,4,4,No,0.2106,Low
1658,32,Male,Divorced,Research & Development,Research Scientist,Technical Degree,3,2,3723,3K-6K,12,0,Travel_Rarely,12,No,6,3,1,0-1 yr,1,0,1,Promoted <=1yr,4,2,3,4,3,3,3,No,0.507,High
1659,27,Male,Divorced,Research & Development,Manager,Technical Degree,3,2,4104,3K-6K,15,2,Travel_Rarely,5,No,6,3,0,0-1 yr,0,0,0,Promoted <=1yr,5,1,2,3,4,4,3,No,0.7778,Critical
1660,28,Female,Married,Research & Development,Research Director,Life Sciences,3,2,4521,3K-6K,21,1,Travel_Rarely,6,No,6,5,0,0-1 yr,0,0,0,Promoted <=1yr,0,4,3,3,2,1,3,No,0.3686,Moderate
1661,44,Female,Married,Research & Development,Research Director,Other,3,5,17867,15K+ (High),11,3,Travel_Rarely,25,No,24,1,0,0-1 yr,0,0,0,Promoted <=1yr,2,2,4,1,3,3,3,No,0.1879,Low
1662,18,Male,Divorced,Sales,Manager,Life Sciences,1,1,2723,<3K (Low),15,1,Travel_Rarely,7,Yes,0,3,0,0-1 yr,0,0,0,Promoted <=1yr,0,2,2,4,4,4,3,No,0.787,Critical
1663,34,Male,Divorced,Research & Development,Manager,Technical Degree,1,3,6624,6K-10K,12,0,Travel_Frequently,3,No,13,3,1,0-1 yr,1,0,1,Promoted <=1yr,6,3,3,3,4,4,3,No,0.6121,High
1664,29,Female,Married,Sales,Manager,Life Sciences,3,2,4920,3K-6K,22,1,Travel_Rarely,22,Yes,8,2,8,7-10 yr,3,0,1,Promoted <=1yr,0,2,4,3,3,3,3,No,0.5881,High
1665,34,Male,Single,Research & Development,Manufacturing Director,Life Sciences,3,3,7393,6K-10K,17,2,Non-Travel,7,No,13,1,5,4-6 yr,1,1,1,Promoted <=1yr,4,1,2,1,2,3,3,No,0.6317,High
1666,25,Female,Married,Sales,Sales Representative,Marketing,2,1,2792,<3K (Low),14,1,Non-Travel,3,Yes,2,1,2,2-3 yr,0,1,0,Promoted <=1yr,5,2,4,3,3,3,3,Yes,0.6986,High
1667,47,Female,Married,Research & Development,Manufacturing Director,Other,2,4,12679,10K-15K,15,0,Travel_Rarely,3,Yes,23,4,1,0-1 yr,1,1,1,Promoted <=1yr,3,4,1,4,3,3,3,No,0.4876,Moderate
1668,43,Male,Married,Research & Development,Research Scientist,Technical Degree,2,4,8380,6K-10K,20,0,Travel_Rarely,3,No,20,2,2,2-3 yr,0,2,2,Not Recently Promoted,3,3,3,3,3,3,4,No,0.2546,Moderate
1669,40,Male,Married,Research & Development,Research Scientist,Life Sciences,3,4,10766,10K-15K,19,1,Travel_Rarely,7,Yes,19,1,7,7-10 yr,3,1,1,Promoted <=1yr,1,3,3,3,3,1,3,No,0.4179,Moderate
1670,21,Female,Divorced,Sales,Manager,Other,2,1,3195,3K-6K,19,0,Travel_Rarely,4,Yes,0,1,0,0-1 yr,0,0,0,Promoted <=1yr,3,1,1,1,3,3,3,No,0.8584,Critical
1671,42,Male,Married,Research & Development,Healthcare Representative,Technical Degree,4,5,20000,15K+ (High),12,0,Travel_Rarely,1,No,20,3,6,4-6 yr,4,2,1,Not Recently Promoted,2,4,4,1,2,3,3,No,0.1033,Low
1672,51,Female,Single,Human Resources,Human Resources,Human Resources,3,5,15907,15K+ (High),16,2,Travel_Rarely,5,No,28,6,2,2-3 yr,1,1,1,Promoted <=1yr,2,3,2,2,2,2,3,Yes,0.4658,Moderate
1673,25,Female,Married,Research & Development,Manager,Medical,4,2,5300,3K-6K,17,0,Travel_Rarely,3,No,3,3,3,2-3 yr,0,3,0,Not Recently Promoted,2,3,1,4,2,2,3,Yes,0.6352,High
1674,42,Female,Married,Research & Development,Research Scientist,Medical,4,5,13619,10K-15K,12,2,Travel_Frequently,7,No,20,3,1,0-1 yr,1,0,1,Promoted <=1yr,3,2,4,3,3,2,3,No,0.2999,Moderate
1675,33,Female,Single,Research & Development,Healthcare Representative,Medical,2,3,8604,6K-10K,17,2,Travel_Rarely,1,Yes,13,0,5,4-6 yr,0,0,2,Promoted <=1yr,3,3,4,4,3,2,3,No,0.4785,Moderate
1676,42,Male,Divorced,Research & Development,Research Director,Life Sciences,3,4,12536,10K-15K,18,0,Travel_Frequently,4,No,22,1,0,0-1 yr,0,0,0,Promoted <=1yr,0,4,2,2,2,3,3,No,0.1958,Low
1677,52,Male,Single,Research & Development,Laboratory Technician,Medical,1,5,16522,15K+ (High),11,0,Travel_Rarely,5,No,28,1,0,0-1 yr,0,0,0,Promoted <=1yr,1,2,4,2,3,3,3,No,0.1993,Low
1678,35,Female,Married,Research & Development,Research Scientist,Other,4,4,11673,10K-15K,13,0,Travel_Rarely,20,Yes,13,0,2,2-3 yr,0,2,2,Not Recently Promoted,5,3,4,4,3,1,3,Yes,0.5518,High
1679,41,Male,Married,Research & Development,Research Scientist,Technical Degree,3,3,7650,6K-10K,15,0,Travel_Rarely,12,Yes,17,0,2,2-3 yr,2,2,0,Not Recently Promoted,4,3,2,3,3,3,4,Yes,0.5417,High
1680,36,Male,Single,Sales,Sales Representative,Life Sciences,3,3,6354,6K-10K,18,1,Travel_Rarely,2,No,15,5,2,2-3 yr,0,0,1,Promoted <=1yr,3,3,3,2,3,2,3,Yes,0.5798,High
1681,38,Male,Married,Research & Development,Research Director,Other,4,3,7282,6K-10K,17,0,Travel_Rarely,6,No,16,4,6,4-6 yr,2,0,6,Promoted <=1yr,5,4,2,1,2,3,3,No,0.2247,Low
1682,34,Male,Divorced,Research & Development,Manufacturing Director,Life Sciences,1,3,8682,6K-10K,16,2,Travel_Rarely,29,No,13,3,2,2-3 yr,1,2,0,Not Recently Promoted,2,4,1,3,1,3,3,Yes,0.6094,High
1683,37,Female,Single,Sales,Manager,Life Sciences,4,3,4853,3K-6K,16,2,Travel_Frequently,19,No,17,5,0,0-1 yr,0,0,0,Promoted <=1yr,5,1,1,1,2,3,3,Yes,0.8651,Critical
1684,41,Female,Single,Research & Development,Laboratory Technician,Medical,3,4,8797,6K-10K,17,0,Travel_Rarely,8,Yes,19,1,8,7-10 yr,0,1,1,Promoted <=1yr,1,3,3,2,3,4,3,No,0.473,Moderate
1685,32,Male,Married,Sales,Sales Executive,Marketing,3,2,4212,3K-6K,19,0,Travel_Rarely,20,No,11,5,9,7-10 yr,5,3,5,Not Recently Promoted,3,2,1,2,3,3,3,No,0.6196,High
1686,54,Female,Single,Sales,Sales Executive,Marketing,4,5,15786,15K+ (High),11,0,Travel_Rarely,3,No,31,4,1,0-1 yr,1,1,1,Promoted <=1yr,6,4,2,2,3,2,3,Yes,0.3838,Moderate
1687,38,Female,Married,Research & Development,Healthcare Representative,Life Sciences,2,3,6214,6K-10K,15,2,Travel_Rarely,9,No,16,3,15,10+ yr,1,0,1,Promoted <=1yr,2,3,3,4,3,3,4,Yes,0.2047,Low
1688,46,Male,Married,Human Resources,Human Resources,Other,3,5,18488,15K+ (High),17,3,Travel_Rarely,4,No,26,2,3,2-3 yr,1,0,0,Promoted <=1yr,3,1,2,2,1,4,3,No,0.238,Low
1689,48,Male,Married,Research & Development,Manager,Technical Degree,3,5,12546,10K-15K,11,1,Travel_Rarely,11,No,25,4,1,0-1 yr,1,1,0,Promoted <=1yr,3,2,1,1,4,3,3,No,0.5249,High
1690,40,Female,Divorced,Sales,Sales Representative,Life Sciences,5,4,14768,10K-15K,15,0,Travel_Rarely,2,No,13,5,0,0-1 yr,0,0,0,Promoted <=1yr,3,2,2,2,3,3,3,Yes,0.4353,Moderate
1691,48,Male,Divorced,Sales,Sales Executive,Other,5,5,16096,15K+ (High),11,0,Travel_Rarely,7,No,27,5,5,4-6 yr,0,0,4,Promoted <=1yr,2,1,4,1,3,3,3,No,0.2785,Moderate
1692,24,Male,Married,Research & Development,Manufacturing Director,Other,3,1,3024,3K-6K,15,1,Non-Travel,1,No,2,1,1,0-1 yr,0,1,0,Promoted <=1yr,4,4,1,4,3,3,3,Yes,0.5461,High
1693,33,Male,Married,Research & Development,Research Scientist,Life Sciences,3,2,4749,3K-6K,13,1,Travel_Rarely,10,No,10,1,0,0-1 yr,0,0,0,Promoted <=1yr,2,4,1,4,3,3,3,No,0.3122,Moderate
1694,40,Female,Married,Sales,Manager,Other,4,4,13071,10K-15K,15,2,Travel_Rarely,1,No,17,4,5,4-6 yr,5,3,1,Not Recently Promoted,2,4,4,2,3,3,3,No,0.1129,Low
1695,32,Male,Divorced,Research & Development,Healthcare Representative,Other,2,2,6546,6K-10K,19,0,Non-Travel,29,No,10,5,1,0-1 yr,1,0,1,Promoted <=1yr,3,4,4,2,2,3,3,No,0.4951,Moderate
1696,39,Male,Married,Research & Development,Laboratory Technician,Technical Degree,4,4,8050,6K-10K,12,2,Travel_Rarely,3,No,18,2,6,4-6 yr,2,0,0,Promoted <=1yr,3,2,3,4,4,3,3,No,0.2355,Low
1697,27,Male,Divorced,Research & Development,Manufacturing Director,Medical,1,2,6382,6K-10K,17,1,Non-Travel,2,No,6,7,1,0-1 yr,0,1,1,Promoted <=1yr,4,3,1,3,3,3,3,No,0.7377,High
1698,33,Male,Divorced,Sales,Sales Representative,Life Sciences,3,2,5712,3K-6K,13,0,Travel_Rarely,1,No,11,5,0,0-1 yr,0,0,0,Promoted <=1yr,3,4,3,2,3,3,3,Yes,0.3994,Moderate
1699,34,Female,Divorced,Sales,Sales Representative,Other,3,3,5739,3K-6K,19,1,Travel_Rarely,6,No,13,2,13,10+ yr,0,1,0,Promoted <=1yr,6,3,3,4,2,2,3,No,0.4111,Moderate
1700,48,Male,Married,Research & Development,Research Scientist,Medical,3,5,17990,15K+ (High),15,1,Non-Travel,4,Yes,27,3,2,2-3 yr,0,2,0,Not Recently Promoted,3,1,4,3,1,3,3,No,0.4323,Moderate
1701,21,Female,Married,Research & Development,Laboratory Technician,Other,1,1,3193,3K-6K,11,1,Travel_Rarely,7,No,0,3,0,0-1 yr,0,0,0,Promoted <=1yr,3,3,1,2,3,3,3,No,0.3605,Moderate
1702,42,Female,Divorced,Research & Development,Research Director,Other,5,5,19878,15K+ (High),14,2,Travel_Rarely,5,Yes,21,3,5,4-6 yr,3,1,0,Promoted <=1yr,4,4,4,4,3,3,4,No,0.2393,Low
1703,30,Female,Single,Research & Development,Manufacturing Director,Other,4,3,7780,6K-10K,11,2,Travel_Rarely,2,Yes,9,3,4,4-6 yr,4,0,0,Promoted <=1yr,2,3,1,3,3,3,3,No,0.7009,High
1704,28,Male,Single,Research & Development,Research Scientist,Technical Degree,3,2,6063,6K-10K,17,0,Travel_Rarely,3,No,8,4,1,0-1 yr,0,0,1,Promoted <=1yr,0,4,2,4,4,3,3,No,0.4789,Moderate
1705,27,Male,Single,Research & Development,Manager,Technical Degree,3,2,4134,3K-6K,13,1,Travel_Frequently,1,Yes,6,4,6,4-6 yr,0,0,4,Promoted <=1yr,1,1,1,3,3,3,3,Yes,0.908,Critical
1706,33,Female,Married,Sales,Manager,Life Sciences,3,2,5119,3K-6K,16,0,Travel_Rarely,10,Yes,11,0,11,10+ yr,2,4,4,Not Recently Promoted,1,3,2,1,2,2,3,No,0.4935,Moderate
1707,53,Female,Married,Research & Development,Laboratory Technician,Life Sciences,3,5,17401,15K+ (High),20,1,Travel_Frequently,7,Yes,31,6,5,4-6 yr,0,5,2,Not Recently Promoted,2,1,4,4,3,3,3,No,0.5408,High
1708,51,Female,Divorced,Research & Development,Laboratory Technician,Life Sciences,3,5,17003,15K+ (High),15,2,Travel_Rarely,11,No,29,3,5,4-6 yr,2,3,2,Not Recently Promoted,2,3,1,2,3,2,4,No,0.215,Low
1709,46,Female,Married,Sales,Sales Representative,Life Sciences,3,4,13594,10K-15K,13,1,Travel_Rarely,1,Yes,20,1,0,0-1 yr,0,0,0,Promoted <=1yr,5,1,3,3,4,4,3,No,0.4708,Moderate
1710,27,Female,Married,Research & Development,Laboratory Technician,Life Sciences,4,1,2307,<3K (Low),13,1,Travel_Frequently,7,No,3,2,3,2-3 yr,3,0,0,Promoted <=1yr,4,3,3,4,2,2,3,No,0.3419,Moderate
1711,48,Female,Single,Sales,Sales Representative,Marketing,2,5,18905,15K+ (High),22,0,Travel_Rarely,11,No,24,2,4,4-6 yr,4,2,4,Not Recently Promoted,0,2,3,2,3,3,3,No,0.2575,Moderate
1712,50,Female,Divorced,Research & Development,Research Director,Medical,2,5,17964,15K+ (High),11,2,Travel_Rarely,2,No,27,1,15,10+ yr,2,0,3,Promoted <=1yr,2,4,4,4,4,3,3,No,0.0436,Low
1713,35,Male,Married,Sales,Sales Executive,Life Sciences,3,2,5104,3K-6K,14,0,Travel_Frequently,7,No,11,5,6,4-6 yr,6,0,1,Promoted <=1yr,4,4,2,4,4,3,3,Yes,0.403,Moderate
1714,36,Male,Single,Research & Development,Healthcare Representative,Technical Degree,2,3,9121,6K-10K,11,2,Travel_Rarely,24,No,14,3,1,0-1 yr,1,0,1,Promoted <=1yr,3,3,1,2,1,4,3,No,0.5222,High
1715,53,Male,Single,Research & Development,Laboratory Technician,Medical,4,5,15829,15K+ (High),11,0,Travel_Frequently,1,No,32,0,24,10+ yr,1,1,2,Promoted <=1yr,5,4,4,3,3,2,4,No,0.0747,Low
1716,25,Male,Divorced,Sales,Manager,Other,3,1,2156,<3K (Low),17,0,Travel_Rarely,8,No,4,2,1,0-1 yr,0,0,0,Promoted <=1yr,3,4,4,3,3,3,3,No,0.3915,Moderate
1717,45,Male,Single,Sales,Sales Executive,Life Sciences,1,4,12458,10K-15K,17,2,Travel_Rarely,3,Yes,22,2,1,0-1 yr,1,1,1,Promoted <=1yr,2,2,2,4,3,3,4,No,0.6674,High
1718,35,Male,Married,Research & Development,Laboratory Technician,Medical,3,3,7423,6K-10K,15,1,Travel_Rarely,3,Yes,12,1,12,10+ yr,1,0,0,Promoted <=1yr,4,4,1,4,3,4,3,No,0.265,Moderate
1719,34,Male,Married,Human Resources,Human Resources,Other,3,3,6691,6K-10K,15,2,Travel_Rarely,13,No,13,3,1,0-1 yr,0,1,0,Promoted <=1yr,0,3,2,3,3,3,3,No,0.4734,Moderate
1720,42,Female,Divorced,Sales,Manager,Other,3,4,10517,10K-15K,13,1,Non-Travel,12,No,18,3,6,4-6 yr,2,2,3,Not Recently Promoted,4,3,2,4,3,3,3,No,0.3497,Moderate
1721,53,Female,Married,Sales,Sales Representative,Marketing,3,5,14789,10K-15K,11,0,Non-Travel,18,No,32,2,8,7-10 yr,3,0,0,Promoted <=1yr,1,4,3,3,2,3,3,No,0.0923,Low
1722,18,Male,Married,Research & Development,Research Director,Medical,2,1,3383,3K-6K,19,0,Travel_Rarely,1,Yes,0,6,0,0-1 yr,0,0,0,Promoted <=1yr,2,4,3,3,3,4,4,No,0.5931,High
1723,22,Female,Single,Research & Development,Laboratory Technician,Other,4,1,2840,<3K (Low),18,0,Travel_Rarely,10,Yes,0,5,0,0-1 yr,0,0,0,Promoted <=1yr,6,3,4,3,4,2,3,No,0.7935,Critical
1724,54,Female,Single,Research & Development,Research Director,Other,4,5,13100,10K-15K,15,1,Travel_Rarely,9,No,32,1,3,2-3 yr,1,0,1,Promoted <=1yr,2,1,3,3,3,2,3,No,0.3335,Moderate
1725,34,Female,Single,Research & Development,Research Scientist,Other,3,3,7763,6K-10K,15,2,Travel_Rarely,7,Yes,12,2,0,0-1 yr,0,0,0,Promoted <=1yr,2,3,3,4,4,3,3,No,0.6047,High
1726,28,Male,Single,Human Resources,Manager,Human Resources,3,1,3056,3K-6K,13,0,Travel_Rarely,15,No,5,2,0,0-1 yr,0,0,0,Promoted <=1yr,4,4,4,3,2,2,3,No,0.5358,High
1727,34,Female,Single,Research & Development,Research Scientist,Medical,3,2,5813,3K-6K,17,3,Travel_Rarely,7,Yes,11,1,8,7-10 yr,0,3,2,Not Recently Promoted,3,3,4,4,3,4,3,No,0.4394,Moderate
1728,34,Male,Married,Research & Development,Research Scientist,Medical,3,2,4183,3K-6K,13,2,Travel_Rarely,1,No,10,3,2,2-3 yr,0,0,2,Promoted <=1yr,3,4,2,3,3,3,3,No,0.2844,Moderate
1729,32,Female,Married,Research & Development,Healthcare Representative,Other,4,4,14750,10K-15K,21,0,Travel_Rarely,4,Yes,12,4,4,4-6 yr,1,1,2,Promoted <=1yr,0,2,4,2,3,3,3,No,0.4136,Moderate
1730,30,Male,Married,Research & Development,Healthcare Representative,Medical,4,3,7354,6K-10K,15,3,Travel_Frequently,26,Yes,7,1,5,4-6 yr,1,1,2,Promoted <=1yr,6,1,4,1,2,3,3,No,0.8356,Critical
1731,43,Female,Single,Sales,Sales Representative,Life Sciences,4,5,20000,15K+ (High),18,0,Travel_Rarely,6,No,22,1,0,0-1 yr,0,0,0,Promoted <=1yr,1,3,4,2,1,3,3,No,0.1794,Low
1732,36,Male,Married,Sales,Manager,Marketing,4,3,5078,3K-6K,22,1,Travel_Rarely,10,No,13,0,0,0-1 yr,0,0,0,Promoted <=1yr,3,2,2,3,4,3,3,No,0.5032,High
1733,44,Male,Single,Research & Development,Laboratory Technician,Technical Degree,2,4,10759,10K-15K,16,2,Travel_Rarely,2,No,21,2,1,0-1 yr,1,0,1,Promoted <=1yr,3,3,3,4,2,3,3,No,0.2129,Low
1734,32,Male,Married,Research & Development,Manufacturing Director,Other,4,3,9316,6K-10K,11,0,Travel_Rarely,4,No,10,1,6,4-6 yr,0,1,2,Promoted <=1yr,2,3,3,3,3,2,3,No,0.3365,Moderate
1735,49,Male,Married,Human Resources,Human Resources,Human Resources,3,5,20000,15K+ (High),15,0,Travel_Frequently,2,No,26,1,2,2-3 yr,2,2,2,Not Recently Promoted,6,2,3,2,1,3,3,No,0.3667,Moderate
1736,31,Female,Divorced,Research & Development,Healthcare Representative,Technical Degree,4,2,4758,3K-6K,11,3,Travel_Rarely,1,No,11,2,0,0-1 yr,0,0,0,Promoted <=1yr,2,3,1,4,3,3,3,No,0.4172,Moderate
1737,31,Female,Married,Research & Development,Manager,Life Sciences,4,2,4548,3K-6K,19,2,Travel_Rarely,16,No,8,5,8,7-10 yr,0,0,0,Promoted <=1yr,2,3,1,3,1,2,4,No,0.6172,High
1738,28,Male,Single,Research & Development,Healthcare Representative,Life Sciences,3,1,2737,<3K (Low),21,1,Travel_Rarely,8,Yes,5,2,5,4-6 yr,1,5,0,Not Recently Promoted,3,4,4,1,3,3,3,No,0.756,Critical
1739,28,Female,Married,Research & Development,Healthcare Representative,Life Sciences,5,1,1693,<3K (Low),12,0,Non-Travel,7,Yes,5,2,3,2-3 yr,2,3,1,Not Recently Promoted,0,2,4,4,3,2,3,Yes,0.6542,High
1740,34,Male,Divorced,Research & Development,Research Director,Medical,3,2,2671,<3K (Low),18,2,Travel_Rarely,13,No,10,5,4,4-6 yr,1,0,1,Promoted <=1yr,5,2,4,4,2,3,3,Yes,0.574,High
1741,26,Male,Single,Research & Development,Manufacturing Director,Technical Degree,1,1,3041,3K-6K,11,0,Travel_Rarely,6,Yes,4,4,4,4-6 yr,4,0,0,Promoted <=1yr,5,4,3,2,3,4,3,No,0.7178,High
1742,33,Male,Married,Research & Development,Manager,Technical Degree,3,3,6169,6K-10K,19,0,Travel_Rarely,4,No,13,4,3,2-3 yr,3,0,0,Promoted <=1yr,0,2,3,1,1,3,3,Yes,0.4319,Moderate
1743,47,Male,Married,Sales,Sales Executive,Other,3,5,20000,15K+ (High),13,0,Travel_Rarely,1,No,25,3,0,0-1 yr,0,0,0,Promoted <=1yr,2,3,4,3,2,3,3,No,0.145,Low
1744,46,Male,Married,Research & Development,Manufacturing Director,Technical Degree,1,5,19477,15K+ (High),13,0,Travel_Rarely,5,No,25,0,4,4-6 yr,1,1,3,Promoted <=1yr,3,3,1,4,3,3,3,No,0.1819,Low
1745,43,Male,Single,Research & Development,Research Scientist,Life Sciences,1,4,12327,10K-15K,19,1,Travel_Rarely,9,No,23,3,0,0-1 yr,0,0,0,Promoted <=1yr,2,2,4,1,3,2,3,No,0.4378,Moderate
1746,30,Male,Single,Research & Development,Manager,Medical,1,2,4052,3K-6K,11,1,Travel_Rarely,1,No,7,3,3,2-3 yr,0,3,0,Not Recently Promoted,2,1,3,3,3,2,4,No,0.7909,Critical
1747,46,Male,Single,Research & Development,Manufacturing Director,Technical Degree,3,4,9344,6K-10K,11,1,Travel_Frequently,1,No,22,5,0,0-1 yr,0,0,0,Promoted <=1yr,3,4,3,3,3,3,3,No,0.5262,High
1748,28,Female,Married,Sales,Manager,Life Sciences,4,1,2976,<3K (Low),18,0,Travel_Frequently,11,No,4,2,4,4-6 yr,1,4,0,Not Recently Promoted,2,4,3,2,3,4,4,No,0.4069,Moderate
1749,44,Male,Married,Research & Development,Research Director,Technical Degree,3,4,10285,10K-15K,13,2,Travel_Rarely,1,No,22,1,3,2-3 yr,3,0,1,Promoted <=1yr,2,3,2,1,3,2,4,Yes,0.1868,Low
1750,28,Female,Married,Research & Development,Healthcare Representative,Other,2,1,2355,<3K (Low),21,0,Travel_Rarely,8,No,4,2,3,2-3 yr,0,0,1,Promoted <=1yr,3,3,4,3,2,1,3,No,0.437,Moderate
1751,35,Male,Married,Sales,Manager,Marketing,1,2,3304,3K-6K,20,1,Travel_Frequently,2,No,11,1,6,4-6 yr,1,0,1,Promoted <=1yr,6,3,3,4,3,2,3,No,0.5193,High
1752,18,Male,Divorced,Research & Development,Laboratory Technician,Other,3,1,2768,<3K (Low),11,0,Travel_Rarely,1,Yes,0,2,0,0-1 yr,0,0,0,Promoted <=1yr,1,2,2,3,2,4,3,Yes,0.6759,High
1753,28,Male,Divorced,Research & Development,Manager,Life Sciences,3,2,3668,3K-6K,12,0,Travel_Rarely,1,Yes,8,4,7,7-10 yr,1,1,6,Promoted <=1yr,4,4,4,3,3,3,3,No,0.6518,High
1754,53,Male,Married,Research & Development,Research Director,Life Sciences,4,5,20000,15K+ (High),11,0,Travel_Rarely,1,No,29,1,4,4-6 yr,1,4,0,Not Recently Promoted,0,1,4,4,3,3,3,No,0.1099,Low
1755,41,Male,Single,Sales,Sales Representative,Marketing,3,4,10427,10K-15K,13,0,Travel_Rarely,1,No,19,1,0,0-1 yr,0,0,0,Promoted <=1yr,1,3,1,2,3,3,3,No,0.3736,Moderate
1756,28,Male,Divorced,Research & Development,Manager,Other,2,1,3247,3K-6K,15,1,Travel_Rarely,10,No,4,3,4,4-6 yr,1,4,1,Not Recently Promoted,0,2,1,2,3,3,3,No,0.7514,Critical
1757,33,Female,Married,Sales,Manager,Other,4,4,14757,10K-15K,13,2,Travel_Frequently,1,No,12,4,5,4-6 yr,1,3,0,Not Recently Promoted,6,4,3,4,2,2,3,Yes,0.2972,Moderate
1758,41,Male,Married,Research & Development,Manufacturing Director,Medical,3,4,11741,10K-15K,16,2,Travel_Frequently,5,No,19,5,0,0-1 yr,0,0,0,Promoted <=1yr,2,4,2,3,3,4,4,No,0.3349,Moderate
1759,23,Male,Divorced,Sales,Manager,Marketing,3,1,2076,<3K (Low),14,0,Travel_Rarely,6,Yes,2,4,0,0-1 yr,0,0,0,Promoted <=1yr,4,4,1,3,3,4,3,Yes,0.7569,Critical
1760,28,Male,Married,Research & Development,Research Director,Technical Degree,3,2,3371,3K-6K,12,0,Travel_Frequently,10,No,7,2,7,7-10 yr,3,0,0,Promoted <=1yr,5,4,1,2,2,3,3,No,0.436,Moderate
1761,47,Male,Divorced,Research & Development,Laboratory Technician,Other,3,5,19536,15K+ (High),15,0,Travel_Rarely,1,Yes,26,4,1,0-1 yr,0,0,0,Promoted <=1yr,1,2,3,1,3,3,3,No,0.3408,Moderate
1762,33,Female,Married,Research & Development,Healthcare Representative,Medical,4,2,3733,3K-6K,14,1,Travel_Rarely,3,Yes,11,0,0,0-1 yr,0,0,0,Promoted <=1yr,4,3,3,4,4,3,3,No,0.5171,High
1763,44,Female,Divorced,Research & Development,Research Director,Life Sciences,2,4,10508,10K-15K,14,0,Travel_Rarely,8,No,21,4,3,2-3 yr,3,2,2,Not Recently Promoted,5,2,3,4,3,3,3,No,0.4015,Moderate
1764,19,Female,Married,Sales,Manager,Marketing,3,1,1929,<3K (Low),16,3,Travel_Rarely,12,No,0,4,0,0-1 yr,0,0,0,Promoted <=1yr,5,4,3,4,3,3,3,No,0.4647,Moderate
1765,33,Female,Single,Sales,Sales Representative,Marketing,3,2,4351,3K-6K,12,0,Travel_Frequently,13,No,11,1,4,4-6 yr,0,1,3,Promoted <=1yr,3,3,3,1,3,3,4,No,0.5057,High
1766,28,Male,Single,Sales,Manager,Other,4,3,6448,6K-10K,13,0,Travel_Rarely,4,No,7,2,2,2-3 yr,1,0,0,Promoted <=1yr,6,4,4,3,1,3,3,No,0.4027,Moderate
1767,29,Female,Single,Research & Development,Research Scientist,Technical Degree,4,3,4906,3K-6K,11,2,Non-Travel,25,Yes,9,4,3,2-3 yr,0,0,0,Promoted <=1yr,2,2,3,3,3,2,3,Yes,0.85,Critical
1768,28,Female,Single,Research & Development,Research Scientist,Technical Degree,2,2,4727,3K-6K,22,1,Travel_Rarely,3,No,6,3,2,2-3 yr,2,1,1,Promoted <=1yr,2,4,2,1,3,3,3,No,0.493,Moderate
1769,52,Male,Single,Research & Development,Research Scientist,Life Sciences,3,5,13122,10K-15K,15,1,Travel_Rarely,1,Yes,32,2,3,2-3 yr,2,0,1,Promoted <=1yr,4,1,1,4,2,4,4,No,0.5054,High
1770,48,Male,Married,Research & Development,Manufacturing Director,Technical Degree,4,5,20000,15K+ (High),14,0,Travel_Rarely,3,Yes,27,1,5,4-6 yr,1,0,0,Promoted <=1yr,1,3,1,3,3,2,3,No,0.3212,Moderate
1771,26,Female,Divorced,Sales,Sales Executive,Life Sciences,5,2,4496,3K-6K,17,0,Travel_Rarely,2,No,3,4,3,2-3 yr,0,0,0,Promoted <=1yr,6,2,4,4,1,4,3,No,0.5042,High
1772,38,Male,Single,Research & Development,Manager,Technical Degree,4,3,9054,6K-10K,15,0,Travel_Frequently,1,Yes,17,2,3,2-3 yr,1,0,2,Promoted <=1yr,5,4,1,1,2,3,3,No,0.7484,High
1773,21,Female,Married,Sales,Sales Representative,Marketing,1,1,2784,<3K (Low),17,2,Non-Travel,8,Yes,1,8,1,0-1 yr,0,1,1,Promoted <=1yr,1,4,1,2,2,3,3,Yes,0.6701,High
1774,43,Female,Single,Research & Development,Healthcare Representative,Life Sciences,1,3,8361,6K-10K,12,2,Travel_Frequently,5,Yes,17,4,0,0-1 yr,0,0,0,Promoted <=1yr,3,4,4,4,3,3,3,No,0.5834,High
1775,32,Female,Married,Research & Development,Manager,Medical,3,2,4662,3K-6K,11,1,Non-Travel,11,No,11,1,3,2-3 yr,2,1,1,Promoted <=1yr,1,4,3,3,3,3,3,No,0.3364,Moderate
1776,18,Male,Divorced,Research & Development,Research Scientist,Other,4,1,2310,<3K (Low),14,0,Travel_Rarely,6,No,0,3,0,0-1 yr,0,0,0,Promoted <=1yr,3,2,3,3,2,2,4,Yes,0.6265,High
1777,60,Male,Divorced,Research & Development,Research Director,Medical,4,5,14557,10K-15K,20,0,Travel_Rarely,5,No,37,2,5,4-6 yr,5,2,1,Not Recently Promoted,3,1,3,3,2,3,3,No,0.2583,Moderate
1778,50,Male,Single,Research & Development,Manufacturing Director,Medical,4,5,18065,15K+ (High),15,1,Travel_Rarely,15,No,24,1,7,7-10 yr,2,3,3,Not Recently Promoted,6,4,3,3,1,1,3,No,0.2859,Moderate
1779,31,Female,Divorced,Research & Development,Manufacturing Director,Medical,3,2,5868,3K-6K,20,0,Travel_Rarely,2,Yes,9,2,9,7-10 yr,3,2,2,Not Recently Promoted,2,1,1,3,3,2,3,Yes,0.8591,Critical
1780,42,Male,Single,Research & Development,Research Scientist,Life Sciences,2,4,12038,10K-15K,13,2,Travel_Rarely,1,No,21,4,4,4-6 yr,0,0,0,Promoted <=1yr,5,4,4,4,3,3,3,No,0.2645,Moderate
1781,32,Female,Married,Sales,Sales Executive,Life Sciences,4,2,5096,3K-6K,17,0,Non-Travel,8,Yes,10,3,1,0-1 yr,1,1,1,Promoted <=1yr,3,3,2,1,3,3,3,No,0.7281,High
1782,36,Male,Married,Sales,Manager,Marketing,3,3,6771,6K-10K,18,1,Non-Travel,26,No,12,3,12,10+ yr,0,2,0,Not Recently Promoted,2,2,3,4,2,4,3,No,0.4297,Moderate
1783,37,Male,Married,Research & Development,Manager,Other,2,3,8012,6K-10K,19,0,Travel_Rarely,9,No,17,2,7,7-10 yr,7,1,0,Promoted <=1yr,3,4,1,2,4,2,3,No,0.5081,High
1784,37,Male,Divorced,Research & Development,Manager,Medical,3,3,8061,6K-10K,12,0,Travel_Rarely,10,No,16,2,9,7-10 yr,1,3,4,Not Recently Promoted,2,3,4,1,3,3,3,No,0.3777,Moderate
1785,36,Female,Single,Research & Development,Manufacturing Director,Life Sciences,4,3,6140,6K-10K,16,2,Travel_Frequently,5,No,15,2,1,0-1 yr,1,0,1,Promoted <=1yr,4,2,1,3,3,4,3,Yes,0.6492,High
1786,33,Male,Divorced,Sales,Manager,Life Sciences,4,3,8657,6K-10K,11,0,Travel_Rarely,10,Yes,11,3,0,0-1 yr,0,0,0,Promoted <=1yr,3,2,1,4,3,3,3,Yes,0.7433,High
1787,33,Male,Married,Sales,Manager,Marketing,5,3,5905,3K-6K,15,1,Non-Travel,9,Yes,12,6,4,4-6 yr,0,4,0,Not Recently Promoted,2,4,2,2,2,2,3,No,0.6877,High
1788,31,Male,Married,Sales,Manager,Other,4,2,6636,6K-10K,16,3,Non-Travel,3,No,7,1,2,2-3 yr,2,0,0,Promoted <=1yr,2,3,4,1,3,2,4,No,0.3176,Moderate
1789,40,Male,Married,Sales,Sales Executive,Marketing,3,3,6735,6K-10K,11,0,Travel_Rarely,4,No,17,4,9,7-10 yr,3,4,0,Not Recently Promoted,2,2,4,4,3,2,3,No,0.4418,Moderate
1790,18,Male,Married,Human Resources,Human Resources,Human Resources,4,2,3643,3K-6K,15,1,Travel_Rarely,1,No,0,2,0,0-1 yr,0,0,0,Promoted <=1yr,3,4,3,4,3,2,3,No,0.4975,Moderate
1791,33,Female,Married,Research & Development,Laboratory Technician,Technical Degree,3,3,7741,6K-10K,13,2,Non-Travel,5,Yes,13,6,2,2-3 yr,2,1,2,Promoted <=1yr,4,4,4,1,3,3,3,Yes,0.4376,Moderate
1792,30,Female,Single,Research & Development,Manager,Life Sciences,2,2,6248,6K-10K,16,0,Travel_Rarely,5,No,8,1,3,2-3 yr,3,3,0,Not Recently Promoted,5,1,1,1,3,3,3,Yes,0.8409,Critical
1793,29,Male,Married,Human Resources,Manager,Other,3,2,4586,3K-6K,12,0,Travel_Rarely,7,No,7,4,4,4-6 yr,0,1,3,Promoted <=1yr,1,4,3,1,3,3,4,No,0.2539,Moderate
1794,43,Male,Married,Research & Development,Research Director,Life Sciences,3,4,12489,10K-15K,11,3,Non-Travel,3,No,20,4,7,7-10 yr,1,0,0,Promoted <=1yr,4,2,1,3,2,3,3,No,0.3196,Moderate
1795,31,Female,Single,Research & Development,Research Scientist,Technical Degree,3,2,4844,3K-6K,12,1,Travel_Rarely,3,No,11,4,0,0-1 yr,0,0,0,Promoted <=1yr,3,1,3,3,3,3,3,No,0.6066,High
1796,34,Female,Single,Sales,Sales Representative,Life Sciences,1,3,7100,6K-10K,11,0,Travel_Rarely,4,No,13,0,3,2-3 yr,2,3,1,Not Recently Promoted,2,4,4,3,2,4,3,No,0.2401,Low
1797,31,Male,Single,Sales,Sales Representative,Other,4,2,4635,3K-6K,15,3,Travel_Rarely,10,No,9,3,7,7-10 yr,0,0,1,Promoted <=1yr,3,1,4,2,1,3,3,Yes,0.5276,High
1798,28,Male,Married,Human Resources,Human Resources,Other,3,1,2593,<3K (Low),14,3,Travel_Rarely,29,No,5,4,0,0-1 yr,0,0,0,Promoted <=1yr,2,4,3,1,3,4,3,Yes,0.5077,High
1799,51,Male,Married,Research & Development,Healthcare Representative,Other,5,5,15657,15K+ (High),15,2,Travel_Rarely,5,No,29,3,3,2-3 yr,3,0,0,Promoted <=1yr,0,2,4,2,2,3,3,No,0.1283,Low
1800,39,Female,Married,Research & Development,Manufacturing Director,Life Sciences,3,4,9311,6K-10K,13,0,Travel_Rarely,10,No,18,3,11,10+ yr,1,0,0,Promoted <=1yr,1,3,2,2,3,1,3,No,0.3681,Moderate
1801,34,Female,Single,Research & Development,Healthcare Representative,Life Sciences,1,3,6576,6K-10K,11,1,Non-Travel,5,Yes,14,2,7,7-10 yr,3,0,0,Promoted <=1yr,2,4,3,1,3,2,3,No,0.5297,High
1802,48,Male,Married,Research & Development,Laboratory Technician,Other,3,5,20000,15K+ (High),14,0,Travel_Rarely,2,No,28,3,8,7-10 yr,0,1,2,Promoted <=1yr,3,4,3,3,3,4,3,No,0.0696,Low
1803,34,Female,Single,Sales,Manager,Other,1,3,7528,6K-10K,12,0,Travel_Rarely,29,Yes,12,1,5,4-6 yr,0,0,1,Promoted <=1yr,1,4,1,4,2,2,3,Yes,0.666,High
1804,24,Male,Single,Research & Development,Manager,Life Sciences,2,1,2474,<3K (Low),14,2,Travel_Frequently,16,No,0,3,0,0-1 yr,0,0,0,Promoted <=1yr,2,2,3,3,3,3,3,Yes,0.857,Critical
1805,55,Female,Married,Research & Development,Research Director,Technical Degree,2,5,19590,15K+ (High),18,0,Travel_Rarely,6,Yes,34,5,5,4-6 yr,0,3,0,Not Recently Promoted,3,1,2,4,3,4,3,No,0.4228,Moderate
1806,41,Female,Married,Sales,Sales Representative,Marketing,3,4,10246,10K-15K,15,1,Travel_Rarely,1,Yes,18,3,9,7-10 yr,1,0,8,Promoted <=1yr,5,1,1,3,2,4,3,No,0.4226,Moderate
1807,39,Male,Married,Sales,Manager,Other,3,4,11526,10K-15K,16,0,Travel_Rarely,21,Yes,18,2,11,10+ yr,0,2,0,Not Recently Promoted,3,4,2,4,4,2,4,No,0.5696,High
1808,42,Male,Divorced,Human Resources,Manager,Other,4,4,10370,10K-15K,11,2,Travel_Frequently,19,Yes,21,4,0,0-1 yr,0,0,0,Promoted <=1yr,4,4,4,1,3,1,3,Yes,0.715,High
1809,28,Female,Single,Research & Development,Research Scientist,Other,3,2,5639,3K-6K,17,0,Travel_Rarely,1,No,6,1,6,4-6 yr,0,2,1,Not Recently Promoted,3,2,3,2,2,2,4,No,0.5378,High
1810,39,Male,Single,Research & Development,Research Scientist,Medical,3,4,12681,10K-15K,13,1,Travel_Rarely,8,No,19,2,7,7-10 yr,3,0,0,Promoted <=1yr,3,3,4,4,2,3,3,No,0.1964,Low
1811,43,Female,Single,Research & Development,Healthcare Representative,Life Sciences,3,4,9848,6K-10K,12,0,Travel_Rarely,2,Yes,20,3,0,0-1 yr,0,0,0,Promoted <=1yr,2,3,3,4,2,3,3,Yes,0.5283,High
1812,29,Female,Married,Sales,Manager,Life Sciences,4,3,6520,6K-10K,13,1,Travel_Rarely,1,No,7,4,5,4-6 yr,2,2,0,Not Recently Promoted,1,1,4,1,3,2,3,Yes,0.4449,Moderate
1813,46,Male,Married,Sales,Sales Executive,Marketing,4,5,17598,15K+ (High),11,1,Travel_Rarely,13,No,24,4,2,2-3 yr,0,0,0,Promoted <=1yr,6,3,4,3,2,4,3,No,0.1732,Low
1814,28,Female,Divorced,Research & Development,Research Scientist,Medical,4,1,2768,<3K (Low),11,1,Travel_Rarely,3,Yes,3,3,3,2-3 yr,1,0,2,Promoted <=1yr,1,2,4,3,2,4,3,Yes,0.548,High
1815,33,Male,Married,Human Resources,Manager,Other,4,3,6719,6K-10K,19,0,Travel_Rarely,2,No,9,2,6,4-6 yr,0,0,4,Promoted <=1yr,6,1,1,4,3,3,4,Yes,0.5362,High
1816,35,Female,Single,Sales,Manager,Marketing,1,3,5402,3K-6K,13,0,Travel_Rarely,4,Yes,13,3,2,2-3 yr,2,0,0,Promoted <=1yr,5,4,2,4,3,3,3,Yes,0.7113,High
1817,35,Male,Married,Research & Development,Healthcare Representative,Life Sciences,3,3,6188,6K-10K,14,1,Travel_Frequently,3,Yes,13,2,3,2-3 yr,3,0,1,Promoted <=1yr,2,3,3,3,3,2,3,No,0.6337,High
1818,45,Male,Married,Sales,Manager,Other,3,4,14858,10K-15K,16,0,Travel_Rarely,1,No,21,1,0,0-1 yr,0,0,0,Promoted <=1yr,3,3,3,3,3,4,3,No,0.1444,Low
1819,37,Male,Married,Research & Development,Manager,Technical Degree,3,3,8609,6K-10K,11,0,Travel_Frequently,3,Yes,15,2,5,4-6 yr,1,1,5,Promoted <=1yr,4,3,4,1,4,1,3,No,0.728,High
1820,45,Female,Married,Sales,Sales Representative,Other,1,4,12175,10K-15K,14,0,Travel_Rarely,7,No,23,1,2,2-3 yr,2,0,1,Promoted <=1yr,2,3,1,4,2,3,4,No,0.1957,Low
1821,31,Male,Married,Sales,Sales Representative,Life Sciences,3,2,5168,3K-6K,19,1,Travel_Rarely,4,Yes,11,5,0,0-1 yr,0,0,0,Promoted <=1yr,5,2,3,3,1,3,3,No,0.692,High
1822,23,Female,Married,Research & Development,Research Scientist,Medical,3,1,3578,3K-6K,14,1,Travel_Rarely,2,Yes,0,1,0,0-1 yr,0,0,0,Promoted <=1yr,6,4,1,2,3,3,3,Yes,0.6267,High
1823,29,Male,Married,Research & Development,Manufacturing Director,Medical,3,2,4761,3K-6K,14,1,Travel_Frequently,4,No,6,4,0,0-1 yr,0,0,0,Promoted <=1yr,4,3,4,2,1,3,3,Yes,0.5117,High
1824,41,Male,Divorced,Research & Development,Research Director,Other,3,4,13024,10K-15K,15,1,Travel_Rarely,6,No,18,4,4,4-6 yr,4,2,2,Not Recently Promoted,4,3,3,4,4,2,3,No,0.3381,Moderate
1825,32,Female,Married,Research & Development,Research Scientist,Life Sciences,3,2,5485,3K-6K,12,0,Travel_Rarely,13,No,11,1,1,0-1 yr,1,1,1,Promoted <=1yr,2,3,3,1,4,3,3,No,0.4051,Moderate
1826,47,Female,Single,Sales,Sales Representative,Other,3,5,15830,15K+ (High),14,0,Travel_Rarely,4,No,27,0,2,2-3 yr,2,1,0,Promoted <=1yr,2,1,4,1,4,1,3,No,0.4458,Moderate
1827,26,Male,Married,Research & Development,Manufacturing Director,Technical Degree,3,2,5618,3K-6K,20,0,Travel_Rarely,1,No,6,1,0,0-1 yr,0,0,0,Promoted <=1yr,1,1,2,2,2,4,3,Yes,0.5013,High
1828,43,Female,Single,Research & Development,Healthcare Representative,Other,3,4,11029,10K-15K,17,1,Travel_Rarely,1,Yes,22,3,7,7-10 yr,5,2,3,Not Recently Promoted,1,4,2,2,1,4,3,No,0.3515,Moderate
1829,34,Male,Single,Research & Development,Research Director,Technical Degree,5,4,10346,10K-15K,14,2,Travel_Rarely,14,Yes,14,0,9,7-10 yr,3,0,0,Promoted <=1yr,2,4,4,3,3,2,3,No,0.439,Moderate
1830,41,Male,Married,Research & Development,Research Director,Life Sciences,4,4,13352,10K-15K,11,0,Travel_Frequently,12,No,20,1,2,2-3 yr,2,0,2,Promoted <=1yr,2,1,2,4,2,3,3,No,0.3173,Moderate
1831,26,Male,Married,Research & Development,Research Scientist,Other,3,1,2940,<3K (Low),14,1,Travel_Rarely,21,No,2,1,2,2-3 yr,2,1,2,Promoted <=1yr,0,4,4,2,3,4,3,No,0.2444,Low
1832,30,Male,Divorced,Sales,Manager,Marketing,2,2,3539,3K-6K,17,2,Travel_Rarely,1,No,10,4,10,7-10 yr,9,0,0,Promoted <=1yr,1,4,3,4,4,3,3,No,0.262,Moderate
1833,27,Male,Divorced,Research & Development,Research Director,Life Sciences,4,3,6790,6K-10K,17,0,Non-Travel,16,No,6,2,6,4-6 yr,0,0,0,Promoted <=1yr,3,1,1,4,2,2,3,No,0.6596,High
1834,24,Female,Married,Sales,Sales Executive,Marketing,2,1,2711,<3K (Low),11,0,Travel_Rarely,4,No,1,2,1,0-1 yr,1,1,1,Promoted <=1yr,1,3,3,4,3,2,3,Yes,0.4469,Moderate
1835,18,Female,Married,Research & Development,Research Scientist,Medical,2,1,3024,3K-6K,11,2,Travel_Rarely,1,No,0,1,0,0-1 yr,0,0,0,Promoted <=1yr,2,2,2,1,2,3,3,No,0.4401,Moderate
1836,34,Male,Married,Sales,Sales Executive,Other,2,2,4890,3K-6K,15,1,Travel_Frequently,1,Yes,11,2,1,0-1 yr,1,1,1,Promoted <=1yr,3,3,1,4,2,3,3,No,0.7191,High
1837,50,Male,Single,Research & Development,Research Director,Medical,2,5,13786,10K-15K,15,1,Travel_Rarely,1,No,30,2,2,2-3 yr,2,0,2,Promoted <=1yr,4,1,1,2,2,2,3,Yes,0.4529,Moderate
1838,36,Male,Married,Research & Development,Manufacturing Director,Other,3,3,7186,6K-10K,18,1,Travel_Rarely,9,Yes,15,1,0,0-1 yr,0,0,0,Promoted <=1yr,4,2,2,1,3,3,3,Yes,0.7097,High
1839,52,Female,Married,Human Resources,Manager,Human Resources,4,5,15992,15K+ (High),16,1,Travel_Frequently,23,No,28,4,4,4-6 yr,3,3,0,Not Recently Promoted,4,2,3,4,3,4,3,No,0.3826,Moderate
1840,60,Male,Divorced,Sales,Manager,Life Sciences,3,5,18844,15K+ (High),11,2,Travel_Rarely,17,Yes,38,2,10,7-10 yr,0,2,2,Not Recently Promoted,5,2,2,3,3,3,3,No,0.4098,Moderate
1841,41,Male,Married,Research & Development,Manufacturing Director,Medical,4,5,19166,15K+ (High),18,3,Travel_Rarely,10,No,18,2,1,0-1 yr,1,1,1,Promoted <=1yr,5,3,1,4,1,3,3,No,0.2667,Moderate
1842,32,Male,Married,Research & Development,Laboratory Technician,Other,3,2,4479,3K-6K,15,2,Travel_Rarely,13,Yes,10,2,10,7-10 yr,0,1,2,Promoted <=1yr,2,3,4,4,3,3,3,Yes,0.4338,Moderate
1843,19,Male,Single,Research & Development,Research Director,Technical Degree,3,1,3075,3K-6K,11,2,Travel_Rarely,1,Yes,0,1,0,0-1 yr,0,0,0,Promoted <=1yr,4,4,3,2,2,3,3,Yes,0.6448,High
1844,48,Female,Married,Sales,Sales Representative,Life Sciences,2,5,20000,15K+ (High),15,1,Travel_Rarely,12,No,25,1,1,0-1 yr,1,0,1,Promoted <=1yr,2,1,3,4,3,3,3,No,0.1718,Low
1845,41,Male,Married,Sales,Sales Representative,Life Sciences,1,4,16261,15K+ (High),11,2,Travel_Rarely,3,No,20,3,5,4-6 yr,0,1,0,Promoted <=1yr,1,4,1,1,3,4,3,No,0.1325,Low
1846,54,Female,Divorced,Research & Development,Manufacturing Director,Life Sciences,4,5,18983,15K+ (High),16,0,Travel_Rarely,10,No,33,1,2,2-3 yr,2,0,2,Promoted <=1yr,2,4,4,3,2,3,3,No,0.088,Low
1847,27,Male,Single,Sales,Manager,Marketing,2,2,3509,3K-6K,17,0,Travel_Rarely,3,No,6,2,6,4-6 yr,1,1,2,Promoted <=1yr,6,1,1,3,1,3,3,Yes,0.6992,High
1848,40,Female,Divorced,Research & Development,Research Director,Other,3,4,11082,10K-15K,20,2,Travel_Rarely,10,No,18,0,0,0-1 yr,0,0,0,Promoted <=1yr,0,2,4,1,1,2,3,No,0.3127,Moderate
1849,34,Male,Single,Sales,Sales Representative,Marketing,3,3,7691,6K-10K,17,1,Travel_Rarely,1,No,12,1,3,2-3 yr,0,3,1,Not Recently Promoted,2,1,3,2,3,2,3,No,0.5883,High
1850,50,Male,Married,Research & Development,Laboratory Technician,Technical Degree,5,5,20000,15K+ (High),12,0,Travel_Frequently,3,No,27,4,0,0-1 yr,0,0,0,Promoted <=1yr,2,3,1,4,3,3,3,No,0.1273,Low
1851,32,Male,Single,Sales,Sales Executive,Other,4,2,4866,3K-6K,15,3,Travel_Rarely,4,No,8,1,8,7-10 yr,1,0,0,Promoted <=1yr,3,2,4,3,2,4,3,No,0.3294,Moderate
1852,53,Male,Single,Research & Development,Laboratory Technician,Life Sciences,4,5,15078,15K+ (High),11,2,Non-Travel,6,No,31,3,3,2-3 yr,3,3,3,Not Recently Promoted,1,3,4,4,4,4,3,No,0.1376,Low
1853,35,Male,Married,Sales,Manager,Other,3,3,6536,6K-10K,13,0,Travel_Frequently,5,Yes,12,1,0,0-1 yr,0,0,0,Promoted <=1yr,5,3,1,4,3,3,3,No,0.7413,High
1854,34,Male,Divorced,Sales,Manager,Marketing,4,4,13041,10K-15K,22,0,Travel_Rarely,1,Yes,14,5,2,2-3 yr,2,1,2,Promoted <=1yr,2,4,4,4,3,3,3,No,0.459,Moderate
1855,33,Male,Married,Sales,Sales Executive,Other,4,3,6720,6K-10K,12,1,Travel_Rarely,7,No,11,3,2,2-3 yr,2,0,0,Promoted <=1yr,3,2,3,4,1,3,3,Yes,0.3795,Moderate
1856,27,Female,Divorced,Sales,Sales Executive,Marketing,5,1,2945,<3K (Low),15,1,Travel_Rarely,1,No,4,3,2,2-3 yr,2,2,0,Not Recently Promoted,2,1,4,4,4,3,3,No,0.62,High
1857,44,Female,Single,Research & Development,Laboratory Technician,Other,4,5,15249,15K+ (High),18,1,Travel_Rarely,2,No,24,5,6,4-6 yr,3,2,0,Not Recently Promoted,2,4,2,3,3,4,3,No,0.1283,Low
1858,32,Male,Married,Research & Development,Healthcare Representative,Life Sciences,2,2,4811,3K-6K,16,0,Travel_Rarely,8,No,11,6,6,4-6 yr,4,0,0,Promoted <=1yr,6,4,1,4,3,4,3,No,0.4003,Moderate
1859,44,Female,Married,Research & Development,Research Scientist,Technical Degree,2,4,9547,6K-10K,16,3,Travel_Rarely,3,No,21,3,1,0-1 yr,1,0,0,Promoted <=1yr,3,2,2,4,2,2,4,No,0.2967,Moderate
1860,54,Male,Married,Research & Development,Manager,Life Sciences,3,5,20000,15K+ (High),11,1,Travel_Rarely,1,Yes,32,5,0,0-1 yr,0,0,0,Promoted <=1yr,3,4,3,3,2,3,3,No,0.2876,Moderate
1861,40,Male,Married,Research & Development,Manufacturing Director,Technical Degree,2,3,3774,3K-6K,13,0,Travel_Rarely,6,Yes,17,2,0,0-1 yr,0,0,0,Promoted <=1yr,1,3,1,1,2,3,4,Yes,0.6048,High
1862,39,Female,Divorced,Sales,Sales Executive,Life Sciences,3,3,7308,6K-10K,12,1,Travel_Frequently,2,No,17,2,6,4-6 yr,1,0,2,Promoted <=1yr,6,2,2,1,3,3,3,Yes,0.601,High
1863,52,Male,Married,Research & Development,Manufacturing Director,Medical,3,5,20000,15K+ (High),18,3,Non-Travel,3,No,29,2,20,10+ yr,1,2,3,Not Recently Promoted,1,1,4,4,2,3,3,No,0.1031,Low
1864,49,Male,Divorced,Research & Development,Manufacturing Director,Technical Degree,1,5,9421,6K-10K,14,2,Travel_Rarely,2,No,28,3,2,2-3 yr,2,0,2,Promoted <=1yr,2,2,1,4,3,2,3,Yes,0.4916,Moderate
1865,35,Male,Married,Sales,Sales Executive,Life Sciences,4,3,9483,6K-10K,11,1,Travel_Rarely,9,No,14,2,0,0-1 yr,0,0,0,Promoted <=1yr,6,1,4,2,3,3,4,No,0.4669,Moderate
1866,28,Male,Married,Research & Development,Manufacturing Director,Medical,4,2,5005,3K-6K,12,0,Travel_Rarely,16,No,5,2,0,0-1 yr,0,0,0,Promoted <=1yr,1,1,3,2,1,2,3,No,0.6751,High
1867,18,Male,Married,Research & Development,Manufacturing Director,Medical,3,1,3746,3K-6K,17,0,Travel_Rarely,4,Yes,0,1,0,0-1 yr,0,0,0,Promoted <=1yr,6,4,2,2,3,3,4,Yes,0.7162,High
1868,38,Male,Married,Research & Development,Manufacturing Director,Technical Degree,2,3,6002,6K-10K,15,0,Travel_Rarely,13,No,17,4,3,2-3 yr,0,3,0,Not Recently Promoted,2,4,1,3,3,4,3,No,0.474,Moderate
1869,34,Female,Married,Research & Development,Research Scientist,Technical Degree,3,3,4785,3K-6K,19,0,Travel_Rarely,13,No,12,4,0,0-1 yr,0,0,0,Promoted <=1yr,3,3,3,3,2,3,4,No,0.4427,Moderate
1870,26,Female,Single,Research & Development,Laboratory Technician,Medical,3,1,2690,<3K (Low),15,0,Non-Travel,17,No,4,3,4,4-6 yr,0,1,3,Promoted <=1yr,2,2,4,1,4,3,3,Yes,0.5453,High
1871,30,Male,Married,Research & Development,Manager,Life Sciences,3,2,4245,3K-6K,11,0,Travel_Rarely,10,No,10,5,7,7-10 yr,6,3,0,Not Recently Promoted,2,3,3,2,3,2,3,Yes,0.6535,High
1872,47,Male,Single,Research & Development,Healthcare Representative,Life Sciences,3,5,16352,15K+ (High),11,2,Travel_Rarely,21,Yes,25,2,2,2-3 yr,2,0,0,Promoted <=1yr,2,2,4,2,3,3,3,No,0.5766,High
1873,46,Male,Divorced,Sales,Sales Executive,Life Sciences,3,4,12522,10K-15K,19,0,Travel_Rarely,5,No,23,0,3,2-3 yr,1,3,0,Not Recently Promoted,2,3,4,2,3,2,3,Yes,0.327,Moderate
1874,45,Female,Divorced,Research & Development,Research Scientist,Other,3,5,16103,15K+ (High),13,0,Travel_Rarely,1,No,24,2,2,2-3 yr,1,1,2,Promoted <=1yr,1,3,3,1,3,4,3,No,0.1264,Low
1875,44,Female,Single,Research & Development,Manager,Other,4,5,12400,10K-15K,15,0,Travel_Rarely,1,No,22,1,2,2-3 yr,1,1,0,Promoted <=1yr,1,3,2,4,2,3,3,No,0.3809,Moderate
1876,28,Male,Married,Sales,Sales Executive,Other,4,2,3862,3K-6K,15,0,Travel_Rarely,5,No,7,2,4,4-6 yr,2,0,4,Promoted <=1yr,2,3,2,4,3,2,3,No,0.4052,Moderate
1877,48,Female,Married,Sales,Sales Representative,Other,4,5,20000,15K+ (High),15,0,Travel_Frequently,7,Yes,26,1,4,4-6 yr,4,0,2,Promoted <=1yr,6,2,4,3,3,3,3,No,0.4097,Moderate
1878,39,Female,Married,Sales,Sales Representative,Life Sciences,3,3,7678,6K-10K,20,2,Travel_Frequently,12,No,14,2,4,4-6 yr,0,0,0,Promoted <=1yr,5,4,2,2,3,3,3,No,0.4158,Moderate
1879,49,Male,Single,Research & Development,Research Director,Technical Degree,4,5,20000,15K+ (High),19,2,Travel_Frequently,5,Yes,28,4,3,2-3 yr,0,3,0,Not Recently Promoted,1,3,2,2,4,3,3,No,0.5994,High
1880,35,Male,Single,Sales,Sales Representative,Marketing,3,3,9410,6K-10K,16,0,Travel_Rarely,3,No,12,2,7,7-10 yr,4,1,6,Promoted <=1yr,2,3,4,4,3,3,3,No,0.2468,Low
1881,39,Female,Single,Research & Development,Healthcare Representative,Other,4,3,8214,6K-10K,11,2,Travel_Rarely,24,No,17,2,7,7-10 yr,7,3,2,Not Recently Promoted,2,4,4,3,2,3,3,No,0.2424,Low
1882,43,Male,Married,Research & Development,Manager,Technical Degree,3,4,9715,6K-10K,14,0,Travel_Rarely,1,No,21,4,3,2-3 yr,1,0,0,Promoted <=1yr,0,4,3,4,2,1,3,No,0.3111,Moderate
1883,41,Female,Married,Research & Development,Research Scientist,Life Sciences,4,4,12896,10K-15K,16,2,Non-Travel,26,No,18,1,16,10+ yr,14,1,3,Promoted <=1yr,2,4,4,1,3,2,3,Yes,0.0818,Low
1884,28,Male,Married,Sales,Sales Executive,Marketing,2,1,3565,3K-6K,15,0,Travel_Frequently,21,No,4,3,3,2-3 yr,3,0,3,Promoted <=1yr,2,3,4,1,3,4,3,No,0.4331,Moderate
1885,22,Male,Married,Research & Development,Healthcare Representative,Medical,1,1,2478,<3K (Low),11,2,Travel_Frequently,3,No,0,4,0,0-1 yr,0,0,0,Promoted <=1yr,0,1,3,3,2,2,3,Yes,0.6818,High
1886,36,Female,Single,Research & Development,Healthcare Representative,Technical Degree,2,2,3297,3K-6K,15,1,Travel_Rarely,6,No,11,3,3,2-3 yr,3,0,1,Promoted <=1yr,4,3,3,3,3,3,3,No,0.4631,Moderate
1887,47,Female,Single,Sales,Manager,Marketing,2,4,10982,10K-15K,17,1,Travel_Frequently,5,No,23,2,0,0-1 yr,0,0,0,Promoted <=1yr,2,2,2,3,2,3,3,No,0.4947,Moderate
1888,32,Female,Married,Research & Development,Laboratory Technician,Other,3,2,4208,3K-6K,21,0,Travel_Rarely,29,No,9,3,2,2-3 yr,0,2,2,Not Recently Promoted,2,4,4,2,3,2,3,No,0.3739,Moderate
1889,39,Male,Married,Research & Development,Manufacturing Director,Technical Degree,3,4,11486,10K-15K,15,1,Travel_Frequently,9,Yes,19,5,2,2-3 yr,2,0,1,Promoted <=1yr,4,2,2,3,3,3,3,Yes,0.7693,Critical
1890,44,Male,Married,Research & Development,Healthcare Representative,Other,3,3,6277,6K-10K,11,0,Travel_Frequently,5,Yes,15,3,3,2-3 yr,2,2,3,Not Recently Promoted,4,3,3,3,3,3,3,Yes,0.64,High
1891,47,Female,Married,Research & Development,Healthcare Representative,Medical,3,5,16359,15K+ (High),15,0,Travel_Rarely,9,No,26,1,13,10+ yr,1,0,3,Promoted <=1yr,6,2,1,4,2,3,3,No,0.2169,Low
1892,40,Male,Married,Research & Development,Research Director,Medical,3,4,12454,10K-15K,11,2,Travel_Rarely,11,Yes,19,3,1,0-1 yr,1,1,1,Promoted <=1yr,4,4,3,2,3,3,3,No,0.4232,Moderate
1893,45,Male,Married,Research & Development,Manufacturing Director,Life Sciences,5,4,13033,10K-15K,14,1,Travel_Rarely,2,No,23,3,4,4-6 yr,0,2,1,Not Recently Promoted,4,2,2,2,3,4,3,No,0.3061,Moderate
1894,38,Female,Married,Sales,Manager,Life Sciences,1,4,13677,10K-15K,16,3,Non-Travel,2,No,18,1,2,2-3 yr,0,0,0,Promoted <=1yr,4,1,4,1,3,3,3,No,0.2842,Moderate
1895,54,Male,Divorced,Research & Development,Research Scientist,Life Sciences,4,5,20000,15K+ (High),11,1,Travel_Rarely,2,No,30,1,2,2-3 yr,2,2,0,Not Recently Promoted,3,2,2,1,2,3,3,No,0.1538,Low
1896,51,Male,Single,Research & Development,Manager,Life Sciences,2,5,17103,15K+ (High),11,0,Non-Travel,6,No,26,6,0,0-1 yr,0,0,0,Promoted <=1yr,4,4,1,1,3,3,3,No,0.4927,Moderate
1897,47,Male,Single,Sales,Manager,Marketing,2,5,20000,15K+ (High),18,2,Travel_Rarely,4,No,24,3,2,2-3 yr,0,2,2,Not Recently Promoted,2,3,4,3,2,3,4,No,0.184,Low
1898,45,Male,Married,Research & Development,Healthcare Representative,Technical Degree,3,4,8454,6K-10K,11,2,Travel_Rarely,3,Yes,21,1,4,4-6 yr,1,0,0,Promoted <=1yr,1,1,1,2,3,3,4,No,0.5781,High
1899,34,Female,Single,Sales,Sales Executive,Other,4,2,4740,3K-6K,17,2,Travel_Rarely,1,No,9,3,8,7-10 yr,2,0,1,Promoted <=1yr,4,3,4,3,2,2,3,No,0.4788,Moderate
1900,30,Male,Single,Research & Development,Manufacturing Director,Other,1,2,5322,3K-6K,16,0,Non-Travel,19,No,8,3,8,7-10 yr,3,0,3,Promoted <=1yr,2,1,1,3,3,3,4,Yes,0.7498,High
1901,55,Male,Divorced,Research & Development,Healthcare Representative,Other,3,5,20000,15K+ (High),12,1,Travel_Rarely,1,No,31,2,1,0-1 yr,0,0,1,Promoted <=1yr,5,3,4,2,3,2,4,No,0.1693,Low
1902,39,Female,Married,Research & Development,Manufacturing Director,Other,1,3,7713,6K-10K,17,2,Travel_Frequently,2,Yes,16,6,8,7-10 yr,6,1,2,Promoted <=1yr,4,2,4,1,4,3,3,Yes,0.689,High
1903,40,Female,Single,Human Resources,Manager,Human Resources,1,4,9894,6K-10K,13,0,Travel_Rarely,5,No,20,5,0,0-1 yr,0,0,0,Promoted <=1yr,6,1,2,1,2,2,3,No,0.7259,High
1904,26,Female,Divorced,Research & Development,Research Director,Life Sciences,3,1,3558,3K-6K,14,3,Travel_Frequently,8,No,4,2,4,4-6 yr,2,0,1,Promoted <=1yr,2,1,1,3,2,3,4,No,0.6198,High
1905,47,Male,Divorced,Research & Development,Research Scientist,Life Sciences,1,5,9558,6K-10K,16,0,Travel_Rarely,2,Yes,25,2,5,4-6 yr,1,0,1,Promoted <=1yr,4,3,4,2,2,2,3,No,0.5686,High
1906,48,Female,Married,Sales,Sales Representative,Marketing,2,5,16004,15K+ (High),13,1,Travel_Rarely,3,Yes,26,5,8,7-10 yr,0,0,1,Promoted <=1yr,3,1,4,2,3,3,3,No,0.4313,Moderate
1907,23,Male,Divorced,Research & Development,Research Director,Medical,4,1,3116,3K-6K,13,0,Travel_Rarely,7,No,0,1,0,0-1 yr,0,0,0,Promoted <=1yr,4,3,3,3,3,1,3,No,0.5888,High
1908,42,Male,Single,Sales,Manager,Marketing,4,5,20000,15K+ (High),14,1,Travel_Rarely,4,No,19,2,9,7-10 yr,0,0,0,Promoted <=1yr,1,2,2,3,3,3,3,Yes,0.2336,Low
1909,31,Male,Married,Sales,Sales Executive,Marketing,2,2,5662,3K-6K,12,3,Travel_Rarely,12,Yes,9,0,0,0-1 yr,0,0,0,Promoted <=1yr,2,4,4,4,2,2,4,No,0.4893,Moderate
1910,33,Female,Married,Research & Development,Research Director,Other,3,3,6961,6K-10K,15,1,Travel_Rarely,29,No,13,0,3,2-3 yr,1,0,3,Promoted <=1yr,5,3,4,3,1,3,3,No,0.2351,Low
1911,38,Male,Married,Sales,Sales Executive,Other,3,3,7280,6K-10K,11,0,Non-Travel,7,No,16,2,5,4-6 yr,2,3,3,Not Recently Promoted,6,3,4,4,2,3,3,No,0.3751,Moderate
1912,39,Female,Single,Sales,Sales Representative,Life Sciences,4,3,8170,6K-10K,14,2,Non-Travel,5,No,17,2,0,0-1 yr,0,0,0,Promoted <=1yr,3,3,4,1,3,2,3,No,0.4056,Moderate
1913,39,Female,Single,Sales,Sales Executive,Other,2,3,7298,6K-10K,12,0,Non-Travel,16,Yes,16,1,0,0-1 yr,0,0,0,Promoted <=1yr,3,2,2,2,3,3,3,Yes,0.7959,Critical
1914,35,Male,Single,Sales,Manager,Life Sciences,3,3,6339,6K-10K,18,0,Non-Travel,4,Yes,13,8,3,2-3 yr,2,1,1,Promoted <=1yr,5,4,4,3,3,3,3,No,0.7167,High
1915,41,Female,Divorced,Research & Development,Healthcare Representative,Life Sciences,1,4,8636,6K-10K,19,0,Travel_Rarely,14,No,18,4,9,7-10 yr,1,0,1,Promoted <=1yr,4,1,4,3,3,4,3,No,0.4414,Moderate
1916,37,Male,Single,Research & Development,Research Director,Medical,2,3,8338,6K-10K,11,1,Travel_Rarely,8,No,15,4,3,2-3 yr,3,3,2,Not Recently Promoted,3,2,3,4,2,3,3,No,0.4672,Moderate
1917,40,Male,Married,Sales,Manager,Other,3,4,9274,6K-10K,20,0,Travel_Frequently,6,No,18,3,15,10+ yr,0,0,6,Promoted <=1yr,4,3,3,4,2,2,3,No,0.2517,Moderate
1918,28,Female,Divorced,Research & Development,Manager,Medical,1,1,2496,<3K (Low),14,0,Travel_Rarely,24,No,5,3,5,4-6 yr,0,1,1,Promoted <=1yr,2,2,3,3,3,3,3,No,0.7253,High
1919,36,Male,Single,Sales,Manager,Other,3,3,6464,6K-10K,11,3,Travel_Frequently,15,No,13,5,1,0-1 yr,1,1,1,Promoted <=1yr,2,3,1,4,4,2,3,No,0.7341,High
1920,49,Female,Single,Sales,Sales Representative,Other,3,5,18599,15K+ (High),15,0,Travel_Frequently,5,No,29,2,2,2-3 yr,0,1,2,Promoted <=1yr,1,4,3,1,4,4,3,No,0.1566,Low
1921,44,Male,Married,Research & Development,Research Director,Technical Degree,3,4,12141,10K-15K,15,0,Travel_Frequently,5,No,22,5,1,0-1 yr,1,1,1,Promoted <=1yr,3,2,4,2,3,3,3,No,0.3642,Moderate
1922,28,Male,Divorced,Research & Development,Manager,Other,2,2,4957,3K-6K,18,0,Travel_Rarely,3,No,7,2,0,0-1 yr,0,0,0,Promoted <=1yr,6,4,3,3,3,2,3,No,0.666,High
1923,18,Male,Divorced,Research & Development,Research Scientist,Other,2,1,2606,<3K (Low),11,0,Non-Travel,7,No,0,2,0,0-1 yr,0,0,0,Promoted <=1yr,1,1,1,2,3,3,3,Yes,0.7648,Critical
1924,42,Male,Single,Research & Development,Healthcare Representative,Medical,4,5,19194,15K+ (High),16,0,Travel_Frequently,4,Yes,21,1,1,0-1 yr,0,0,1,Promoted <=1yr,4,1,2,3,2,3,3,No,0.6587,High
1925,28,Female,Single,Research & Development,Laboratory Technician,Medical,3,1,2577,<3K (Low),14,0,Travel_Frequently,12,Yes,5,2,1,0-1 yr,1,0,1,Promoted <=1yr,4,4,3,4,3,3,4,No,0.6147,High
1926,38,Female,Married,Sales,Manager,Life Sciences,3,3,8181,6K-10K,12,1,Travel_Rarely,13,No,14,3,1,0-1 yr,0,0,1,Promoted <=1yr,4,4,3,2,3,3,3,No,0.2205,Low
1927,44,Female,Married,Research & Development,Research Scientist,Medical,3,4,9176,6K-10K,11,1,Travel_Rarely,8,No,23,2,2,2-3 yr,2,2,2,Not Recently Promoted,5,4,1,3,3,2,4,Yes,0.2807,Moderate
1928,48,Female,Married,Research & Development,Manager,Medical,4,5,17727,15K+ (High),16,0,Travel_Rarely,7,Yes,28,5,0,0-1 yr,0,0,0,Promoted <=1yr,2,3,2,2,4,4,3,Yes,0.523,High
1929,34,Male,Married,Research & Development,Laboratory Technician,Medical,4,4,15056,15K+ (High),14,1,Travel_Frequently,5,No,13,3,1,0-1 yr,1,1,1,Promoted <=1yr,3,4,4,1,3,4,3,No,0.1471,Low
1930,38,Female,Single,Sales,Sales Executive,Other,1,3,6241,6K-10K,17,1,Travel_Rarely,2,No,15,4,15,10+ yr,5,2,0,Not Recently Promoted,4,3,4,2,3,3,3,No,0.385,Moderate
1931,47,Male,Married,Research & Development,Healthcare Representative,Technical Degree,3,5,18477,15K+ (High),11,0,Travel_Frequently,1,No,26,2,5,4-6 yr,1,0,0,Promoted <=1yr,1,1,1,3,2,4,3,No,0.2319,Low
1932,32,Male,Married,Sales,Sales Executive,Other,2,2,4464,3K-6K,18,0,Travel_Rarely,10,No,11,1,2,2-3 yr,2,2,0,Not Recently Promoted,3,1,2,3,3,2,3,No,0.6455,High
1933,45,Female,Divorced,Research & Development,Manufacturing Director,Other,3,5,16819,15K+ (High),18,0,Travel_Rarely,3,Yes,24,2,0,0-1 yr,0,0,0,Promoted <=1yr,3,2,4,3,4,2,3,Yes,0.5867,High
1934,34,Female,Single,Research & Development,Healthcare Representative,Medical,1,3,6933,6K-10K,12,3,Travel_Rarely,1,No,12,5,8,7-10 yr,5,0,0,Promoted <=1yr,3,3,2,4,4,3,4,Yes,0.4444,Moderate
1935,45,Male,Married,Research & Development,Research Director,Other,1,5,13517,10K-15K,18,0,Travel_Frequently,8,Yes,24,1,8,7-10 yr,0,1,1,Promoted <=1yr,6,3,4,3,2,2,3,No,0.4911,Moderate
1936,27,Female,Married,Research & Development,Manager,Medical,4,3,7058,6K-10K,14,0,Travel_Rarely,11,Yes,6,2,0,0-1 yr,0,0,0,Promoted <=1yr,2,3,4,4,2,3,3,Yes,0.5579,High
1937,25,Female,Single,Research & Development,Manufacturing Director,Other,5,1,3179,3K-6K,11,0,Travel_Rarely,1,No,5,3,4,4-6 yr,0,1,2,Promoted <=1yr,4,4,3,4,2,3,3,No,0.4043,Moderate
1938,27,Male,Single,Research & Development,Research Director,Technical Degree,1,1,2547,<3K (Low),14,0,Travel_Rarely,1,No,3,3,3,2-3 yr,0,3,3,Not Recently Promoted,2,4,4,3,2,2,3,No,0.426,Moderate
1939,39,Male,Married,Research & Development,Manufacturing Director,Life Sciences,3,3,7900,6K-10K,25,2,Travel_Frequently,7,No,17,0,4,4-6 yr,4,4,2,Not Recently Promoted,0,1,4,4,1,2,3,Yes,0.4414,Moderate
1940,38,Male,Married,Research & Development,Manufacturing Director,Technical Degree,3,3,5373,3K-6K,11,2,Travel_Rarely,11,No,13,3,3,2-3 yr,1,0,2,Promoted <=1yr,3,4,2,2,2,4,3,No,0.2708,Moderate
1941,39,Male,Single,Sales,Sales Executive,Marketing,3,4,12024,10K-15K,14,0,Travel_Rarely,29,No,19,7,6,4-6 yr,0,0,3,Promoted <=1yr,3,1,1,3,4,2,3,Yes,0.7864,Critical
1942,29,Female,Divorced,Sales,Manager,Life Sciences,3,2,4695,3K-6K,14,0,Travel_Frequently,18,Yes,8,2,2,2-3 yr,1,2,2,Not Recently Promoted,1,1,4,2,4,2,4,No,0.8429,Critical
1943,47,Male,Married,Sales,Manager,Other,1,5,20000,15K+ (High),15,1,Travel_Rarely,6,Yes,26,3,0,0-1 yr,0,0,0,Promoted <=1yr,5,3,3,4,3,4,3,No,0.3074,Moderate
1944,35,Male,Divorced,Sales,Sales Executive,Marketing,3,3,6837,6K-10K,18,1,Travel_Rarely,1,No,15,1,3,2-3 yr,3,0,3,Promoted <=1yr,0,3,3,3,2,3,3,No,0.2519,Moderate
1945,23,Male,Divorced,Sales,Sales Representative,Life Sciences,3,1,2772,<3K (Low),15,0,Travel_Rarely,4,No,0,7,0,0-1 yr,0,0,0,Promoted <=1yr,5,1,4,3,3,3,4,No,0.7628,Critical
1946,25,Female,Married,Research & Development,Healthcare Representative,Life Sciences,4,1,2279,<3K (Low),12,3,Travel_Frequently,10,No,0,3,0,0-1 yr,0,0,0,Promoted <=1yr,3,3,4,3,3,3,3,No,0.4546,Moderate
1947,41,Female,Married,Research & Development,Healthcare Representative,Medical,3,4,9188,6K-10K,13,1,Travel_Rarely,1,No,21,3,5,4-6 yr,1,2,0,Not Recently Promoted,2,1,4,3,2,2,3,No,0.3699,Moderate
1948,41,Male,Married,Research & Development,Manufacturing Director,Life Sciences,4,5,20000,15K+ (High),17,1,Travel_Frequently,12,No,19,2,7,7-10 yr,6,2,3,Not Recently Promoted,3,3,2,3,3,4,3,No,0.2024,Low
1949,39,Male,Married,Sales,Sales Representative,Life Sciences,1,4,10731,10K-15K,11,1,Travel_Rarely,1,No,19,0,0,0-1 yr,0,0,0,Promoted <=1yr,3,3,3,3,2,4,3,No,0.1583,Low
1950,22,Male,Divorced,Research & Development,Healthcare Representative,Life Sciences,3,1,3277,3K-6K,15,0,Travel_Frequently,4,Yes,1,1,1,0-1 yr,0,1,1,Promoted <=1yr,3,4,1,4,3,2,3,Yes,0.8258,Critical
1951,34,Male,Married,Research & Development,Research Scientist,Other,3,3,6758,6K-10K,11,3,Travel_Frequently,3,No,12,5,4,4-6 yr,0,2,2,Not Recently Promoted,2,4,4,3,3,3,3,No,0.3325,Moderate
1952,28,Male,Married,Research & Development,Laboratory Technician,Medical,1,2,3686,3K-6K,12,1,Travel_Rarely,11,No,6,3,5,4-6 yr,3,0,0,Promoted <=1yr,0,2,3,2,2,3,3,No,0.33,Moderate
1953,36,Female,Single,Research & Development,Manager,Life Sciences,5,3,9055,6K-10K,13,0,Travel_Rarely,7,No,15,1,3,2-3 yr,3,1,1,Promoted <=1yr,4,3,4,2,3,2,3,No,0.4958,Moderate
1954,33,Male,Married,Sales,Sales Executive,Marketing,2,2,4634,3K-6K,18,0,Travel_Rarely,4,No,11,5,10,7-10 yr,3,6,2,Not Recently Promoted,2,4,3,4,2,4,3,No,0.277,Moderate
1955,34,Female,Single,Research & Development,Research Director,Other,4,4,11217,10K-15K,17,0,Travel_Rarely,5,No,12,2,5,4-6 yr,5,1,5,Promoted <=1yr,3,2,3,4,3,3,3,No,0.339,Moderate
1956,28,Male,Married,Research & Development,Healthcare Representative,Technical Degree,2,1,1808,<3K (Low),18,1,Travel_Rarely,10,No,5,1,3,2-3 yr,0,3,1,Not Recently Promoted,4,3,1,1,3,3,3,Yes,0.6351,High
1957,44,Female,Married,Research & Development,Manager,Other,1,4,9472,6K-10K,15,1,Travel_Frequently,20,Yes,21,1,9,7-10 yr,2,1,4,Promoted <=1yr,6,4,4,1,4,1,3,No,0.6735,High
1958,36,Male,Single,Sales,Manager,Other,3,3,5382,3K-6K,17,1,Travel_Frequently,6,No,14,1,14,10+ yr,0,4,3,Not Recently Promoted,1,2,1,2,2,3,3,No,0.5797,High
1959,33,Male,Married,Sales,Manager,Life Sciences,2,3,7091,6K-10K,15,0,Travel_Frequently,2,Yes,12,2,2,2-3 yr,1,1,0,Promoted <=1yr,4,1,3,2,4,3,4,Yes,0.7994,Critical
1960,43,Male,Single,Sales,Manager,Other,1,4,12818,10K-15K,11,3,Travel_Rarely,12,No,20,3,0,0-1 yr,0,0,0,Promoted <=1yr,1,3,4,2,3,1,3,Yes,0.4113,Moderate
1961,48,Female,Married,Sales,Sales Executive,Other,4,5,15663,15K+ (High),13,0,Travel_Rarely,6,No,27,3,2,2-3 yr,0,0,1,Promoted <=1yr,4,3,4,2,3,3,3,No,0.2063,Low
1962,33,Male,Single,Sales,Manager,Marketing,2,3,8035,6K-10K,11,1,Non-Travel,2,Yes,12,1,12,10+ yr,0,0,7,Promoted <=1yr,2,2,1,2,3,2,3,Yes,0.6297,High
1963,22,Male,Single,Sales,Manager,Life Sciences,3,1,3804,3K-6K,14,2,Travel_Rarely,7,No,1,4,1,0-1 yr,0,1,0,Promoted <=1yr,3,1,4,3,2,3,3,Yes,0.66,High
1964,33,Male,Married,Sales,Manager,Marketing,2,2,5201,3K-6K,12,2,Non-Travel,5,Yes,10,1,0,0-1 yr,0,0,0,Promoted <=1yr,5,3,3,4,2,3,3,No,0.5459,High
1965,40,Male,Married,Research & Development,Manufacturing Director,Life Sciences,2,3,7063,6K-10K,11,0,Travel_Rarely,4,No,17,1,13,10+ yr,3,0,1,Promoted <=1yr,0,2,4,4,3,3,3,No,0.1766,Low
1966,18,Male,Married,Sales,Manager,Other,3,1,2434,<3K (Low),12,0,Travel_Rarely,23,No,0,4,0,0-1 yr,0,0,0,Promoted <=1yr,4,2,4,4,3,3,3,No,0.6357,High
1967,29,Male,Single,Sales,Manager,Life Sciences,1,2,4745,3K-6K,11,1,Travel_Rarely,11,Yes,6,2,1,0-1 yr,1,0,1,Promoted <=1yr,3,1,2,4,3,2,3,Yes,0.8682,Critical
1968,46,Male,Single,Research & Development,Healthcare Representative,Life Sciences,3,5,19278,15K+ (High),11,1,Travel_Rarely,3,No,25,4,1,0-1 yr,1,1,1,Promoted <=1yr,2,2,3,1,3,3,3,No,0.3228,Moderate
1969,43,Male,Married,Sales,Sales Representative,Life Sciences,2,4,9293,6K-10K,12,1,Non-Travel,3,Yes,20,6,1,0-1 yr,0,1,1,Promoted <=1yr,2,1,3,1,3,3,4,Yes,0.7262,High
1970,41,Female,Single,Research & Development,Research Director,Other,4,5,15119,15K+ (High),19,0,Travel_Rarely,2,No,20,4,16,10+ yr,0,1,1,Promoted <=1yr,6,2,1,3,2,4,3,Yes,0.3407,Moderate
1971,49,Female,Married,Research & Development,Manager,Technical Degree,3,5,14367,10K-15K,17,2,Travel_Frequently,12,No,28,1,1,0-1 yr,1,1,1,Promoted <=1yr,5,3,3,4,3,2,3,No,0.3636,Moderate
1972,30,Female,Married,Sales,Manager,Other,1,2,3163,3K-6K,11,0,Travel_Frequently,17,Yes,9,1,3,2-3 yr,0,0,0,Promoted <=1yr,5,3,2,4,2,3,3,No,0.7322,High
1973,23,Male,Divorced,Research & Development,Research Scientist,Medical,1,1,2840,<3K (Low),18,1,Travel_Rarely,7,Yes,3,5,0,0-1 yr,0,0,0,Promoted <=1yr,6,3,3,4,3,2,4,Yes,0.8498,Critical
1974,52,Male,Married,Sales,Manager,Other,3,5,14597,10K-15K,17,0,Travel_Rarely,12,Yes,30,1,1,0-1 yr,1,1,1,Promoted <=1yr,1,3,2,4,1,3,3,No,0.3211,Moderate
1975,32,Male,Married,Research & Development,Manager,Life Sciences,3,2,3839,3K-6K,17,1,Travel_Rarely,2,No,11,1,5,4-6 yr,1,4,1,Not Recently Promoted,3,1,3,3,1,3,3,Yes,0.6011,High
1976,28,Male,Married,Sales,Sales Executive,Other,3,1,2602,<3K (Low),15,0,Travel_Rarely,29,No,3,2,3,2-3 yr,0,0,0,Promoted <=1yr,6,3,2,1,4,3,3,No,0.7332,High
1977,49,Male,Married,Research & Development,Manufacturing Director,Medical,3,5,13536,10K-15K,16,0,Travel_Rarely,2,No,27,1,5,4-6 yr,0,0,1,Promoted <=1yr,1,4,4,3,3,3,3,No,0.133,Low
1978,38,Female,Single,Research & Development,Manufacturing Director,Life Sciences,3,3,7206,6K-10K,14,0,Travel_Rarely,13,Yes,13,2,5,4-6 yr,0,5,3,Not Recently Promoted,2,2,4,4,2,3,3,No,0.7231,High
1979,27,Male,Single,Research & Development,Research Director,Technical Degree,1,2,4772,3K-6K,20,0,Travel_Rarely,29,Yes,6,4,2,2-3 yr,0,0,2,Promoted <=1yr,5,1,4,4,1,2,3,Yes,0.9149,Critical
1980,36,Male,Single,Research & Development,Research Scientist,Life Sciences,3,2,5326,3K-6K,22,2,Travel_Rarely,6,Yes,11,4,1,0-1 yr,1,0,1,Promoted <=1yr,0,4,3,4,1,3,3,No,0.4994,Moderate
1981,40,Male,Married,Research & Development,Research Scientist,Other,1,4,12390,10K-15K,17,0,Travel_Rarely,8,Yes,18,4,0,0-1 yr,0,0,0,Promoted <=1yr,2,3,4,3,3,2,3,Yes,0.5307,High
1982,42,Male,Single,Sales,Sales Executive,Marketing,4,5,20000,15K+ (High),21,3,Travel_Rarely,2,No,22,3,7,7-10 yr,1,5,7,Not Recently Promoted,0,3,3,4,2,3,3,No,0.1527,Low
1983,44,Female,Single,Research & Development,Healthcare Representative,Medical,3,4,11785,10K-15K,14,3,Travel_Rarely,1,No,22,4,2,2-3 yr,2,1,0,Promoted <=1yr,3,2,2,2,3,3,3,No,0.4717,Moderate
1984,18,Male,Divorced,Research & Development,Manager,Other,4,2,6191,6K-10K,15,2,Non-Travel,4,No,0,2,0,0-1 yr,0,0,0,Promoted <=1yr,3,4,3,4,4,2,3,No,0.6538,High
1985,33,Female,Single,Research & Development,Healthcare Representative,Medical,2,2,1533,<3K (Low),17,1,Travel_Rarely,5,No,11,3,1,0-1 yr,1,1,1,Promoted <=1yr,4,1,3,3,3,3,3,No,0.6904,High
1986,27,Female,Married,Sales,Sales Representative,Marketing,3,1,3012,3K-6K,16,0,Non-Travel,13,Yes,5,3,5,4-6 yr,1,0,1,Promoted <=1yr,3,3,3,3,1,3,3,No,0.5605,High
1987,50,Male,Single,Research & Development,Manager,Technical Degree,2,5,17950,15K+ (High),14,0,Travel_Rarely,9,No,29,1,0,0-1 yr,0,0,0,Promoted <=1yr,0,1,4,4,3,4,3,No,0.3261,Moderate
1988,34,Female,Divorced,Research & Development,Manufacturing Director,Other,3,3,7783,6K-10K,11,1,Travel_Rarely,4,No,13,1,8,7-10 yr,1,2,2,Not Recently Promoted,4,2,2,1,4,4,3,No,0.475,Moderate
1989,36,Male,Married,Sales,Manager,Marketing,2,3,7311,6K-10K,18,0,Non-Travel,2,Yes,15,5,15,10+ yr,4,0,5,Promoted <=1yr,2,3,3,4,1,3,3,No,0.322,Moderate
1990,40,Male,Single,Sales,Manager,Life Sciences,4,3,6943,6K-10K,11,1,Travel_Frequently,9,No,17,1,12,10+ yr,3,0,4,Promoted <=1yr,3,1,3,3,1,3,4,Yes,0.3987,Moderate
1991,35,Male,Married,Sales,Sales Executive,Marketing,3,3,6664,6K-10K,17,1,Travel_Rarely,24,No,14,1,1,0-1 yr,0,1,0,Promoted <=1yr,3,4,3,3,1,3,4,No,0.3617,Moderate
1992,37,Male,Married,Sales,Sales Representative,Life Sciences,3,3,5728,3K-6K,11,0,Travel_Rarely,7,No,13,1,2,2-3 yr,0,0,2,Promoted <=1yr,6,4,3,1,3,3,4,No,0.2709,Moderate
1993,36,Female,Single,Research & Development,Manufacturing Director,Life Sciences,2,3,8598,6K-10K,17,1,Travel_Rarely,2,No,14,5,6,4-6 yr,0,3,1,Not Recently Promoted,5,3,1,2,3,2,3,Yes,0.6941,High
1994,18,Female,Married,Research & Development,Healthcare Representative,Other,4,2,5687,3K-6K,11,0,Travel_Rarely,1,No,0,2,0,0-1 yr,0,0,0,Promoted <=1yr,2,2,3,3,2,3,4,No,0.3423,Moderate
1995,40,Female,Single,Sales,Sales Executive,Marketing,4,4,11097,10K-15K,14,1,Travel_Rarely,6,Yes,18,4,3,2-3 yr,0,0,0,Promoted <=1yr,4,2,1,3,4,3,3,Yes,0.7954,Critical
1996,30,Male,Single,Research & Development,Research Director,Life Sciences,4,2,5094,3K-6K,13,2,Travel_Frequently,1,No,9,2,4,4-6 yr,3,0,0,Promoted <=1yr,1,3,2,3,3,3,3,No,0.4368,Moderate
1997,40,Female,Married,Sales,Sales Executive,Other,4,4,11213,10K-15K,16,2,Non-Travel,1,No,18,2,7,7-10 yr,0,3,1,Not Recently Promoted,4,4,3,1,3,2,4,No,0.2851,Moderate
1998,23,Male,Married,Research & Development,Research Director,Technical Degree,3,1,1526,<3K (Low),14,3,Travel_Frequently,3,No,1,2,0,0-1 yr,0,0,0,Promoted <=1yr,4,3,4,4,2,1,3,No,0.5619,High
1999,49,Male,Married,Research & Development,Manager,Medical,4,5,15584,15K+ (High),11,1,Travel_Rarely,3,No,26,3,20,10+ yr,0,0,3,Promoted <=1yr,5,2,2,2,3,4,3,No,0.1898,Low
2000,47,Female,Divorced,Research & Development,Manager,Other,4,5,15779,15K+ (High),16,3,Travel_Frequently,4,No,26,4,5,4-6 yr,3,1,0,Promoted <=1yr,3,3,2,3,3,4,3,No,0.4166,Moderate
2001,26,Male,Married,Research & Development,Research Scientist,Medical,2,1,2512,<3K (Low),15,1,Travel_Rarely,8,No,5,3,5,4-6 yr,2,0,0,Promoted <=1yr,2,4,3,3,3,4,3,No,0.2463,Low
2002,36,Female,Married,Sales,Manager,Life Sciences,2,3,4956,3K-6K,11,0,Travel_Rarely,17,No,16,1,4,4-6 yr,1,4,3,Not Recently Promoted,4,3,4,2,3,3,3,No,0.323,Moderate
2003,38,Male,Single,Sales,Manager,Life Sciences,4,4,13765,10K-15K,17,2,Travel_Rarely,7,No,18,5,12,10+ yr,0,1,2,Promoted <=1yr,1,2,4,2,3,1,3,No,0.3757,Moderate
2004,40,Male,Married,Sales,Manager,Life Sciences,4,5,18295,15K+ (High),15,1,Travel_Rarely,2,No,18,2,0,0-1 yr,0,0,0,Promoted <=1yr,2,3,2,3,4,3,3,No,0.1758,Low
2005,44,Female,Divorced,Research & Development,Healthcare Representative,Medical,4,4,14101,10K-15K,16,0,Travel_Rarely,1,No,21,0,7,7-10 yr,0,0,0,Promoted <=1yr,1,2,3,2,3,3,3,No,0.179,Low
2006,35,Male,Divorced,Research & Development,Manager,Technical Degree,3,3,8032,6K-10K,12,2,Travel_Rarely,2,No,12,5,11,10+ yr,6,0,1,Promoted <=1yr,2,2,4,3,2,3,3,No,0.3985,Moderate
2007,37,Male,Married,Research & Development,Healthcare Representative,Technical Degree,2,3,7905,6K-10K,11,2,Travel_Rarely,7,No,16,4,6,4-6 yr,0,6,0,Not Recently Promoted,4,3,4,3,2,3,3,No,0.3701,Moderate
2008,27,Male,Single,Research & Development,Research Director,Life Sciences,2,1,3250,3K-6K,16,2,Travel_Rarely,3,No,4,1,4,4-6 yr,0,4,1,Not Recently Promoted,3,2,4,3,3,3,4,No,0.5297,High
2009,42,Male,Single,Research & Development,Manufacturing Director,Life Sciences,3,4,14523,10K-15K,11,2,Travel_Rarely,1,No,19,3,2,2-3 yr,2,2,0,Not Recently Promoted,6,2,4,2,2,3,3,No,0.476,Moderate
2010,41,Male,Married,Research & Development,Research Director,Medical,1,4,13034,10K-15K,13,0,Travel_Rarely,6,No,19,2,7,7-10 yr,0,3,3,Not Recently Promoted,2,3,4,3,4,2,3,No,0.2534,Moderate
2011,39,Male,Single,Research & Development,Manager,Other,4,5,19753,15K+ (High),14,2,Travel_Rarely,8,No,19,1,1,0-1 yr,1,0,1,Promoted <=1yr,2,3,2,3,2,3,3,No,0.3015,Moderate
2012,28,Male,Single,Research & Development,Research Scientist,Medical,4,2,4099,3K-6K,16,0,Travel_Rarely,3,No,5,6,5,4-6 yr,1,5,0,Not Recently Promoted,6,2,1,1,2,4,3,Yes,0.7432,High
2013,43,Male,Married,Research & Development,Manufacturing Director,Technical Degree,1,4,13917,10K-15K,11,0,Travel_Rarely,1,No,21,4,0,0-1 yr,0,0,0,Promoted <=1yr,2,4,3,2,2,2,3,No,0.27,Moderate
2014,42,Female,Married,Research & Development,Manufacturing Director,Other,3,4,11139,10K-15K,11,1,Travel_Rarely,11,No,21,2,0,0-1 yr,0,0,0,Promoted <=1yr,2,2,2,3,4,2,3,Yes,0.471,Moderate
2015,35,Female,Divorced,Research & Development,Healthcare Representative,Medical,2,3,6594,6K-10K,14,2,Travel_Rarely,7,No,12,2,7,7-10 yr,3,0,1,Promoted <=1yr,1,4,3,1,4,2,4,No,0.2933,Moderate
2016,48,Male,Married,Research & Development,Manager,Medical,4,5,19268,15K+ (High),11,1,Travel_Rarely,10,Yes,26,0,9,7-10 yr,5,0,0,Promoted <=1yr,3,1,4,2,3,3,3,No,0.4129,Moderate
2017,27,Male,Married,Research & Development,Laboratory Technician,Other,3,2,6415,6K-10K,12,2,Travel_Frequently,8,No,6,3,6,4-6 yr,3,0,0,Promoted <=1yr,2,2,1,3,3,3,3,No,0.3937,Moderate
2018,45,Female,Divorced,Research & Development,Healthcare Representative,Other,4,5,19482,15K+ (High),13,0,Travel_Frequently,9,Yes,25,1,19,10+ yr,1,4,1,Not Recently Promoted,6,1,3,4,4,2,3,No,0.6605,High
2019,46,Female,Divorced,Sales,Sales Representative,Life Sciences,3,5,17362,15K+ (High),11,1,Travel_Rarely,6,No,25,3,1,0-1 yr,1,1,0,Promoted <=1yr,2,2,4,1,3,1,3,No,0.3046,Moderate
2020,47,Male,Single,Research & Development,Laboratory Technician,Life Sciences,4,4,7765,6K-10K,17,0,Travel_Frequently,1,No,23,6,2,2-3 yr,1,0,0,Promoted <=1yr,2,3,4,3,4,2,3,No,0.4282,Moderate
2021,37,Male,Married,Research & Development,Laboratory Technician,Medical,3,3,7277,6K-10K,15,0,Travel_Frequently,1,No,17,1,12,10+ yr,2,0,0,Promoted <=1yr,1,3,2,3,3,3,3,Yes,0.1602,Low
2022,55,Female,Divorced,Research & Development,Healthcare Representative,Technical Degree,2,5,20000,15K+ (High),17,1,Travel_Rarely,14,Yes,34,0,9,7-10 yr,4,0,0,Promoted <=1yr,4,1,3,1,3,2,3,Yes,0.4577,Moderate
2023,32,Female,Married,Research & Development,Research Scientist,Other,4,3,7059,6K-10K,11,1,Travel_Rarely,7,No,10,4,0,0-1 yr,0,0,0,Promoted <=1yr,5,3,2,1,4,3,3,No,0.4081,Moderate
2024,39,Male,Divorced,Research & Development,Research Scientist,Other,3,3,4797,3K-6K,14,1,Travel_Rarely,6,No,16,2,16,10+ yr,3,0,0,Promoted <=1yr,1,4,1,4,2,3,3,No,0.2498,Low
2025,45,Female,Married,Sales,Sales Executive,Marketing,1,5,12566,10K-15K,12,0,Travel_Rarely,2,No,24,3,14,10+ yr,2,1,3,Promoted <=1yr,0,4,2,3,2,3,4,No,0.0833,Low
2026,30,Female,Married,Research & Development,Research Scientist,Technical Degree,5,3,8779,6K-10K,13,2,Travel_Rarely,1,Yes,6,2,4,4-6 yr,1,2,1,Not Recently Promoted,2,3,2,3,3,2,3,No,0.4779,Moderate
2027,48,Female,Married,Research & Development,Manager,Technical Degree,5,5,15915,15K+ (High),13,1,Travel_Frequently,9,No,26,3,3,2-3 yr,2,0,0,Promoted <=1yr,3,4,4,1,3,3,4,No,0.2545,Moderate
2028,51,Male,Single,Research & Development,Manufacturing Director,Life Sciences,4,5,14942,10K-15K,17,0,Travel_Rarely,1,No,31,5,0,0-1 yr,0,0,0,Promoted <=1yr,2,4,1,3,3,3,3,No,0.3512,Moderate
2029,26,Male,Married,Research & Development,Research Scientist,Life Sciences,2,2,4117,3K-6K,13,0,Travel_Rarely,3,No,6,0,2,2-3 yr,2,0,0,Promoted <=1yr,3,3,4,2,2,2,3,No,0.2957,Moderate
2030,35,Male,Married,Research & Development,Research Scientist,Other,1,3,8700,6K-10K,15,2,Travel_Rarely,1,No,13,0,4,4-6 yr,0,0,3,Promoted <=1yr,2,3,4,4,3,1,3,Yes,0.192,Low
2031,31,Male,Married,Research & Development,Manufacturing Director,Other,5,2,4874,3K-6K,14,0,Travel_Rarely,1,No,6,3,3,2-3 yr,0,0,3,Promoted <=1yr,2,1,2,4,2,4,4,Yes,0.4328,Moderate
2032,44,Male,Married,Research & Development,Manufacturing Director,Medical,2,4,9144,6K-10K,11,1,Travel_Rarely,14,No,21,2,13,10+ yr,0,2,7,Not Recently Promoted,4,1,4,3,3,3,3,No,0.3497,Moderate
2033,39,Male,Divorced,Research & Development,Research Director,Other,3,4,11775,10K-15K,18,0,Travel_Rarely,3,No,19,1,2,2-3 yr,0,0,0,Promoted <=1yr,4,2,3,4,3,4,4,Yes,0.286,Moderate
2034,33,Male,Married,Research & Development,Manager,Medical,3,3,6503,6K-10K,17,2,Travel_Rarely,25,Yes,13,1,3,2-3 yr,3,1,3,Promoted <=1yr,1,1,2,4,3,3,3,Yes,0.7747,Critical
2035,29,Male,Single,Research & Development,Manager,Life Sciences,2,2,4079,3K-6K,15,0,Travel_Rarely,5,No,7,1,1,0-1 yr,1,1,1,Promoted <=1yr,5,3,2,3,1,4,3,No,0.6009,High
2036,33,Male,Married,Research & Development,Manager,Life Sciences,3,3,7103,6K-10K,14,3,Travel_Rarely,4,No,12,3,2,2-3 yr,2,0,0,Promoted <=1yr,1,2,4,4,3,2,3,No,0.4531,Moderate
2037,33,Male,Married,Sales,Manager,Life Sciences,3,2,4020,3K-6K,11,1,Travel_Rarely,7,Yes,11,1,0,0-1 yr,0,0,0,Promoted <=1yr,2,4,2,2,2,3,3,No,0.4768,Moderate
2038,47,Female,Single,Research & Development,Research Director,Life Sciences,3,5,15280,15K+ (High),17,1,Travel_Rarely,4,No,26,1,1,0-1 yr,1,1,1,Promoted <=1yr,1,4,4,3,2,3,3,No,0.1313,Low
2039,33,Female,Married,Human Resources,Manager,Human Resources,3,2,3130,3K-6K,11,2,Travel_Frequently,8,No,11,3,3,2-3 yr,3,0,3,Promoted <=1yr,2,2,1,3,3,2,4,No,0.5859,High
2040,30,Female,Married,Research & Development,Healthcare Representative,Life Sciences,3,2,3689,3K-6K,13,1,Travel_Rarely,1,No,8,2,7,7-10 yr,3,0,0,Promoted <=1yr,4,1,4,1,2,4,3,No,0.2799,Moderate
2041,44,Male,Married,Research & Development,Healthcare Representative,Medical,3,4,13784,10K-15K,15,2,Travel_Frequently,18,No,22,6,3,2-3 yr,1,1,0,Promoted <=1yr,3,4,2,1,3,2,3,No,0.4002,Moderate
2042,43,Male,Divorced,Research & Development,Research Director,Other,3,4,15770,15K+ (High),20,2,Travel_Rarely,2,No,23,5,7,7-10 yr,0,1,0,Promoted <=1yr,3,2,4,3,4,1,3,Yes,0.3877,Moderate
2043,46,Male,Single,Sales,Sales Executive,Other,2,5,18983,15K+ (High),11,0,Travel_Rarely,11,No,26,2,7,7-10 yr,2,1,4,Promoted <=1yr,1,4,2,3,3,3,3,No,0.1365,Low
2044,38,Male,Single,Research & Development,Manufacturing Director,Technical Degree,3,3,6363,6K-10K,18,1,Travel_Rarely,9,Yes,15,5,2,2-3 yr,2,2,2,Not Recently Promoted,2,1,4,1,3,2,3,Yes,0.8837,Critical
2045,30,Female,Single,Research & Development,Manager,Other,4,3,8330,6K-10K,12,2,Travel_Rarely,7,No,7,2,7,7-10 yr,0,2,2,Not Recently Promoted,3,3,1,4,2,3,3,Yes,0.5185,High
2046,40,Male,Single,Research & Development,Research Director,Life Sciences,2,4,8126,6K-10K,15,2,Travel_Rarely,10,Yes,19,2,1,0-1 yr,1,1,1,Promoted <=1yr,5,4,3,4,1,2,3,Yes,0.5734,High
2047,46,Male,Married,Research & Development,Manufacturing Director,Other,5,5,19416,15K+ (High),14,0,Travel_Frequently,1,No,24,2,2,2-3 yr,0,0,0,Promoted <=1yr,2,3,1,4,3,3,3,No,0.2268,Low
2048,48,Female,Single,Sales,Sales Representative,Other,4,5,20000,15K+ (High),16,0,Travel_Frequently,8,No,26,1,7,7-10 yr,1,0,6,Promoted <=1yr,1,2,2,3,1,3,3,No,0.1708,Low
2049,54,Male,Divorced,Research & Development,Laboratory Technician,Life Sciences,1,5,16337,15K+ (High),18,3,Travel_Rarely,9,Yes,26,1,7,7-10 yr,0,3,7,Not Recently Promoted,3,4,3,3,3,2,3,No,0.2054,Low
2050,28,Male,Married,Research & Development,Laboratory Technician,Medical,4,2,4959,3K-6K,11,0,Travel_Rarely,21,No,8,3,3,2-3 yr,3,3,0,Not Recently Promoted,2,1,3,1,3,4,3,Yes,0.525,High
2051,28,Female,Married,Research & Development,Research Director,Technical Degree,3,2,4257,3K-6K,14,0,Travel_Frequently,5,Yes,8,2,0,0-1 yr,0,0,0,Promoted <=1yr,1,2,4,1,1,3,3,Yes,0.5871,High
2052,46,Female,Divorced,Sales,Sales Representative,Life Sciences,1,4,10556,10K-15K,12,3,Travel_Rarely,1,No,21,1,4,4-6 yr,1,0,0,Promoted <=1yr,1,1,2,3,3,3,3,Yes,0.3377,Moderate
2053,34,Male,Single,Research & Development,Manager,Life Sciences,4,3,6544,6K-10K,15,0,Non-Travel,11,Yes,10,4,5,4-6 yr,1,5,5,Not Recently Promoted,3,4,4,4,3,3,3,No,0.7211,High
2054,41,Female,Single,Research & Development,Research Director,Life Sciences,3,4,9440,6K-10K,18,0,Non-Travel,7,Yes,21,3,2,2-3 yr,1,1,0,Promoted <=1yr,2,3,3,3,3,2,3,No,0.6324,High
2055,55,Female,Married,Research & Development,Manager,Life Sciences,3,5,20000,15K+ (High),11,2,Travel_Frequently,28,No,35,3,9,7-10 yr,4,0,0,Promoted <=1yr,1,3,4,4,4,3,3,No,0.1813,Low
2056,35,Male,Married,Sales,Manager,Other,2,3,6238,6K-10K,20,0,Travel_Rarely,5,No,14,1,11,10+ yr,2,0,5,Promoted <=1yr,3,3,1,1,3,3,3,Yes,0.2559,Moderate
2057,50,Female,Married,Sales,Sales Executive,Life Sciences,4,5,16818,15K+ (High),20,3,Travel_Frequently,1,No,25,3,21,10+ yr,1,3,4,Not Recently Promoted,3,1,4,3,4,4,4,No,0.1972,Low
2058,28,Male,Married,Research & Development,Healthcare Representative,Technical Degree,5,1,3101,3K-6K,21,0,Travel_Rarely,8,No,5,1,5,4-6 yr,0,1,0,Promoted <=1yr,3,4,4,2,3,3,3,No,0.3069,Moderate
2059,43,Male,Single,Research & Development,Research Director,Other,4,4,14372,10K-15K,20,0,Non-Travel,5,No,21,3,1,0-1 yr,1,0,0,Promoted <=1yr,1,3,2,4,3,3,3,No,0.3809,Moderate
2060,36,Male,Single,Research & Development,Research Director,Medical,3,3,6834,6K-10K,11,0,Travel_Rarely,12,No,14,1,4,4-6 yr,0,1,1,Promoted <=1yr,1,1,1,2,3,2,3,No,0.6109,High
2061,31,Female,Single,Sales,Sales Executive,Marketing,3,2,4194,3K-6K,13,1,Travel_Rarely,23,Yes,11,3,1,0-1 yr,1,0,1,Promoted <=1yr,3,4,1,3,2,3,3,No,0.7476,High
2062,22,Male,Married,Research & Development,Healthcare Representative,Other,4,1,3039,3K-6K,12,2,Travel_Rarely,29,Yes,2,4,1,0-1 yr,0,0,1,Promoted <=1yr,6,3,4,4,1,3,3,Yes,0.7269,High
2063,18,Male,Married,Sales,Sales Executive,Other,4,2,5551,3K-6K,15,1,Travel_Rarely,6,No,0,4,0,0-1 yr,0,0,0,Promoted <=1yr,1,4,4,1,2,3,4,Yes,0.3652,Moderate
2064,47,Male,Married,Sales,Sales Representative,Marketing,4,5,18605,15K+ (High),11,0,Travel_Rarely,16,No,25,3,6,4-6 yr,0,1,1,Promoted <=1yr,5,3,4,1,4,2,3,No,0.2763,Moderate
2065,45,Male,Married,Research & Development,Research Scientist,Other,3,4,12068,10K-15K,17,2,Travel_Frequently,6,Yes,23,2,0,0-1 yr,0,0,0,Promoted <=1yr,6,2,4,3,2,3,3,Yes,0.5447,High
2066,41,Male,Married,Sales,Sales Executive,Other,3,4,5236,3K-6K,12,2,Travel_Frequently,13,No,21,5,4,4-6 yr,3,4,0,Not Recently Promoted,3,3,3,2,2,2,3,No,0.6042,High
2067,41,Male,Single,Research & Development,Manager,Other,4,5,20000,15K+ (High),11,3,Non-Travel,7,Yes,19,7,4,4-6 yr,2,2,0,Not Recently Promoted,2,4,4,1,3,3,3,Yes,0.5725,High
2068,40,Female,Single,Research & Development,Manufacturing Director,Life Sciences,1,3,6069,6K-10K,12,0,Travel_Rarely,19,No,17,3,0,0-1 yr,0,0,0,Promoted <=1yr,1,4,4,4,3,3,3,No,0.4476,Moderate
2069,23,Male,Married,Research & Development,Healthcare Representative,Other,4,2,4349,3K-6K,11,2,Travel_Rarely,1,Yes,0,2,0,0-1 yr,0,0,0,Promoted <=1yr,3,4,2,1,1,2,3,No,0.6509,High
2070,45,Male,Divorced,Sales,Manager,Life Sciences,3,5,16271,15K+ (High),18,0,Non-Travel,29,No,24,0,15,10+ yr,2,1,1,Promoted <=1yr,3,3,1,1,3,3,3,No,0.2976,Moderate
2071,46,Female,Married,Sales,Sales Representative,Other,4,4,15669,15K+ (High),11,1,Travel_Rarely,7,No,23,4,2,2-3 yr,2,0,2,Promoted <=1yr,2,4,1,1,4,3,3,No,0.1448,Low
2072,38,Male,Married,Research & Development,Healthcare Representative,Other,4,4,13561,10K-15K,14,1,Travel_Rarely,6,No,17,4,0,0-1 yr,0,0,0,Promoted <=1yr,2,1,4,3,3,3,3,No,0.3178,Moderate
2073,32,Male,Married,Sales,Manager,Marketing,4,2,4729,3K-6K,11,2,Travel_Rarely,9,No,6,4,3,2-3 yr,3,3,0,Not Recently Promoted,4,3,1,4,3,4,3,Yes,0.4181,Moderate
2074,36,Male,Divorced,Research & Development,Research Scientist,Medical,4,3,7779,6K-10K,14,0,Travel_Rarely,8,No,15,2,10,7-10 yr,2,1,6,Promoted <=1yr,1,3,3,3,3,3,3,No,0.2176,Low
2075,29,Male,Divorced,Research & Development,Healthcare Representative,Life Sciences,4,1,2082,<3K (Low),11,0,Travel_Rarely,6,No,5,4,4,4-6 yr,1,1,4,Promoted <=1yr,5,3,2,1,2,2,3,No,0.5372,High
2076,53,Male,Married,Research & Development,Research Director,Life Sciences,4,5,19734,15K+ (High),15,1,Travel_Rarely,1,Yes,32,2,1,0-1 yr,1,0,1,Promoted <=1yr,3,4,3,3,3,2,3,No,0.1926,Low
2077,54,Male,Married,Research & Development,Healthcare Representative,Other,3,5,14256,10K-15K,19,1,Travel_Frequently,1,No,31,4,0,0-1 yr,0,0,0,Promoted <=1yr,3,4,4,2,4,3,3,No,0.1812,Low
2078,38,Male,Divorced,Research & Development,Manufacturing Director,Life Sciences,4,5,19586,15K+ (High),11,3,Travel_Frequently,1,Yes,18,3,3,2-3 yr,3,1,3,Promoted <=1yr,4,3,2,4,1,4,3,No,0.3851,Moderate
2079,46,Female,Divorced,Sales,Sales Executive,Life Sciences,2,5,17266,15K+ (High),11,0,Travel_Rarely,6,No,25,0,20,10+ yr,0,0,0,Promoted <=1yr,2,1,1,2,2,3,3,No,0.2535,Moderate
2080,32,Male,Married,Research & Development,Laboratory Technician,Life Sciences,3,2,5140,3K-6K,17,2,Travel_Rarely,4,Yes,11,4,1,0-1 yr,1,0,1,Promoted <=1yr,5,2,4,4,2,2,3,No,0.535,High
2081,43,Female,Married,Research & Development,Manager,Medical,3,4,12238,10K-15K,11,1,Travel_Rarely,3,No,22,6,1,0-1 yr,1,1,0,Promoted <=1yr,0,3,3,3,3,3,3,No,0.2974,Moderate
2082,36,Male,Divorced,Sales,Sales Representative,Other,2,3,6107,6K-10K,22,3,Travel_Rarely,4,No,15,1,6,4-6 yr,0,6,2,Not Recently Promoted,3,4,2,4,2,2,3,No,0.4667,Moderate
2083,41,Female,Divorced,Research & Development,Manufacturing Director,Technical Degree,2,4,7445,6K-10K,14,0,Travel_Rarely,12,Yes,18,0,3,2-3 yr,3,3,1,Not Recently Promoted,1,3,2,4,4,3,3,No,0.6545,High
2084,37,Male,Divorced,Sales,Sales Executive,Other,3,3,6483,6K-10K,13,1,Travel_Rarely,3,Yes,13,1,8,7-10 yr,2,0,0,Promoted <=1yr,3,3,3,3,2,3,3,Yes,0.5636,High
2085,33,Female,Single,Sales,Sales Executive,Other,2,3,6370,6K-10K,21,1,Non-Travel,1,No,13,4,3,2-3 yr,3,0,1,Promoted <=1yr,2,3,4,2,3,3,3,No,0.4901,Moderate
2086,29,Male,Married,Research & Development,Research Director,Life Sciences,3,2,4744,3K-6K,15,1,Travel_Rarely,2,Yes,6,1,5,4-6 yr,0,1,1,Promoted <=1yr,0,1,1,2,4,3,3,No,0.7149,High
2087,28,Male,Divorced,Sales,Sales Executive,Other,3,2,5947,3K-6K,16,0,Travel_Frequently,2,No,6,3,6,4-6 yr,1,0,3,Promoted <=1yr,2,2,4,3,2,3,4,No,0.4743,Moderate
2088,30,Male,Divorced,Research & Development,Healthcare Representative,Medical,3,2,4539,3K-6K,11,1,Travel_Rarely,11,No,9,1,1,0-1 yr,1,1,0,Promoted <=1yr,4,4,1,1,3,2,3,Yes,0.5417,High
2089,41,Male,Divorced,Research & Development,Manager,Life Sciences,4,5,20000,15K+ (High),11,0,Travel_Rarely,8,Yes,19,2,1,0-1 yr,0,0,1,Promoted <=1yr,2,2,1,4,2,2,3,No,0.6921,High
2090,28,Male,Single,Research & Development,Laboratory Technician,Life Sciences,4,2,6553,6K-10K,19,2,Travel_Rarely,7,Yes,6,2,1,0-1 yr,0,1,1,Promoted <=1yr,2,2,4,3,3,2,3,Yes,0.7343,High
2091,31,Male,Single,Sales,Sales Representative,Other,4,1,2863,<3K (Low),12,1,Travel_Rarely,3,No,4,7,4,4-6 yr,0,2,3,Not Recently Promoted,4,2,4,3,2,3,3,Yes,0.615,High
2092,28,Female,Divorced,Research & Development,Research Scientist,Life Sciences,4,3,5969,3K-6K,11,0,Travel_Rarely,16,No,6,3,0,0-1 yr,0,0,0,Promoted <=1yr,1,3,3,3,3,3,3,No,0.523,High
2093,36,Female,Divorced,Research & Development,Research Scientist,Technical Degree,3,3,7734,6K-10K,11,2,Travel_Rarely,12,No,14,1,0,0-1 yr,0,0,0,Promoted <=1yr,4,2,4,3,2,2,3,No,0.4158,Moderate
2094,25,Male,Married,Research & Development,Manager,Life Sciences,1,1,2350,<3K (Low),11,1,Non-Travel,11,No,1,1,1,0-1 yr,1,0,0,Promoted <=1yr,3,4,1,3,3,2,3,No,0.5895,High
2095,45,Male,Divorced,Human Resources,Manager,Other,3,4,9283,6K-10K,14,1,Non-Travel,2,No,22,1,0,0-1 yr,0,0,0,Promoted <=1yr,0,4,4,4,3,3,3,No,0.2122,Low
2096,25,Male,Married,Sales,Sales Executive,Marketing,3,1,2392,<3K (Low),12,0,Travel_Rarely,6,No,5,3,5,4-6 yr,1,3,0,Not Recently Promoted,5,2,2,3,2,3,3,No,0.6294,High
2097,21,Male,Divorced,Research & Development,Laboratory Technician,Other,3,1,3457,3K-6K,11,1,Travel_Rarely,11,No,0,1,0,0-1 yr,0,0,0,Promoted <=1yr,3,3,4,1,2,3,3,No,0.3996,Moderate
2098,34,Male,Divorced,Research & Development,Manager,Life Sciences,2,3,8535,6K-10K,15,2,Travel_Rarely,7,No,12,0,1,0-1 yr,1,1,1,Promoted <=1yr,2,4,1,4,4,3,4,No,0.4629,Moderate
2099,60,Female,Divorced,Research & Development,Research Director,Technical Degree,3,5,18883,15K+ (High),13,2,Travel_Rarely,3,No,36,2,1,0-1 yr,0,1,1,Promoted <=1yr,1,2,4,1,1,4,3,No,0.0911,Low
2100,25,Male,Married,Research & Development,Healthcare Representative,Technical Degree,2,1,3428,3K-6K,12,2,Travel_Rarely,19,Yes,1,0,1,0-1 yr,1,1,1,Promoted <=1yr,5,2,1,2,3,2,3,Yes,0.8209,Critical
2101,31,Male,Divorced,Sales,Manager,Other,3,1,2751,<3K (Low),24,0,Travel_Rarely,5,Yes,5,2,5,4-6 yr,0,5,0,Not Recently Promoted,3,4,2,4,2,3,4,Yes,0.753,Critical
2102,36,Female,Single,Research & Development,Research Scientist,Other,2,3,8277,6K-10K,11,0,Travel_Rarely,3,No,13,2,1,0-1 yr,0,1,0,Promoted <=1yr,3,2,3,3,3,1,4,No,0.5248,High
2103,53,Male,Single,Sales,Sales Executive,Life Sciences,3,5,16049,15K+ (High),14,1,Travel_Rarely,10,No,31,1,11,10+ yr,1,4,0,Not Recently Promoted,6,2,4,4,4,3,3,No,0.3224,Moderate
2104,25,Female,Single,Research & Development,Research Scientist,Medical,5,2,3219,3K-6K,12,1,Non-Travel,16,No,3,4,3,2-3 yr,3,0,0,Promoted <=1yr,4,3,1,3,3,3,3,Yes,0.6866,High
2105,46,Male,Single,Research & Development,Laboratory Technician,Other,4,5,18469,15K+ (High),18,2,Travel_Rarely,1,No,26,2,2,2-3 yr,2,0,0,Promoted <=1yr,4,3,3,2,4,4,3,No,0.1512,Low
2106,49,Female,Single,Sales,Sales Executive,Other,4,5,18110,15K+ (High),19,0,Non-Travel,8,Yes,27,1,0,0-1 yr,0,0,0,Promoted <=1yr,1,4,1,3,2,3,3,No,0.3833,Moderate
2107,34,Female,Single,Sales,Sales Representative,Life Sciences,4,4,9455,6K-10K,11,2,Travel_Rarely,1,No,13,2,13,10+ yr,8,5,1,Not Recently Promoted,3,4,4,3,4,3,3,No,0.2443,Low
2108,33,Male,Single,Research & Development,Manager,Life Sciences,4,3,7495,6K-10K,15,0,Travel_Rarely,1,No,13,2,0,0-1 yr,0,0,0,Promoted <=1yr,5,2,4,3,3,3,4,No,0.6362,High
2109,57,Male,Married,Research & Development,Laboratory Technician,Life Sciences,3,5,20000,15K+ (High),14,0,Non-Travel,3,Yes,37,2,0,0-1 yr,0,0,0,Promoted <=1yr,1,2,3,1,3,3,3,No,0.228,Low
2110,36,Female,Divorced,Sales,Sales Representative,Other,4,3,8953,6K-10K,18,0,Non-Travel,14,No,15,3,1,0-1 yr,1,0,1,Promoted <=1yr,1,4,4,1,3,3,3,No,0.3301,Moderate
2111,34,Female,Single,Sales,Manager,Marketing,3,2,3714,3K-6K,17,0,Travel_Frequently,8,No,10,3,10,7-10 yr,5,1,2,Promoted <=1yr,4,1,1,1,1,3,3,No,0.6769,High
2112,36,Male,Divorced,Research & Development,Research Director,Technical Degree,3,3,6093,6K-10K,15,3,Travel_Frequently,16,No,13,1,1,0-1 yr,1,1,1,Promoted <=1yr,3,1,3,4,3,3,3,No,0.6307,High
2113,40,Female,Divorced,Research & Development,Manager,Medical,3,4,13097,10K-15K,11,1,Travel_Frequently,3,No,18,1,8,7-10 yr,5,0,6,Promoted <=1yr,2,4,3,3,4,3,3,No,0.1532,Low
2114,27,Female,Divorced,Sales,Sales Representative,Other,4,1,2828,<3K (Low),13,0,Travel_Rarely,6,Yes,5,5,0,0-1 yr,0,0,0,Promoted <=1yr,3,4,3,3,3,2,3,No,0.7287,High
2115,25,Male,Single,Sales,Sales Representative,Marketing,1,1,3141,3K-6K,13,2,Non-Travel,28,No,3,5,2,2-3 yr,1,2,0,Not Recently Promoted,2,4,4,1,3,3,3,No,0.696,High
2116,26,Male,Divorced,Human Resources,Manager,Other,2,1,2674,<3K (Low),11,0,Travel_Rarely,2,Yes,3,3,3,2-3 yr,0,3,1,Not Recently Promoted,6,3,3,2,3,1,4,Yes,0.8882,Critical
2117,41,Male,Divorced,Research & Development,Research Director,Technical Degree,4,4,14673,10K-15K,11,0,Travel_Rarely,9,No,18,1,1,0-1 yr,1,0,1,Promoted <=1yr,3,3,3,4,4,3,3,No,0.1894,Low
2118,50,Female,Married,Sales,Sales Executive,Other,4,5,20000,15K+ (High),12,1,Travel_Rarely,6,Yes,30,2,1,0-1 yr,0,1,1,Promoted <=1yr,1,3,3,4,1,3,3,No,0.1985,Low
2119,22,Male,Single,Research & Development,Manager,Life Sciences,4,2,4368,3K-6K,11,1,Travel_Rarely,1,No,2,0,2,2-3 yr,0,2,0,Not Recently Promoted,2,1,4,4,3,3,3,No,0.7281,High
2120,48,Male,Married,Sales,Sales Executive,Marketing,2,5,18644,15K+ (High),11,1,Travel_Rarely,8,No,27,1,11,10+ yr,0,0,0,Promoted <=1yr,1,4,3,3,3,3,4,No,0.0805,Low
2121,35,Female,Divorced,Human Resources,Manager,Other,2,3,6137,6K-10K,15,1,Travel_Frequently,4,No,12,3,3,2-3 yr,1,0,1,Promoted <=1yr,1,1,3,4,3,3,3,Yes,0.6296,High
2122,28,Male,Married,Sales,Manager,Other,2,1,2768,<3K (Low),14,0,Travel_Rarely,6,No,3,4,3,2-3 yr,2,0,3,Promoted <=1yr,1,4,1,4,4,3,3,No,0.4013,Moderate
2123,46,Male,Single,Sales,Sales Executive,Marketing,3,5,19702,15K+ (High),11,2,Travel_Rarely,1,No,24,1,2,2-3 yr,2,0,0,Promoted <=1yr,1,3,2,2,3,4,4,No,0.1587,Low
2124,40,Male,Divorced,Research & Development,Research Director,Other,2,3,6179,6K-10K,11,2,Travel_Rarely,1,Yes,16,4,13,10+ yr,0,0,4,Promoted <=1yr,1,3,4,3,3,3,3,No,0.3362,Moderate
2125,41,Female,Married,Research & Development,Healthcare Representative,Technical Degree,3,4,15939,15K+ (High),16,0,Travel_Rarely,3,No,20,1,1,0-1 yr,1,1,0,Promoted <=1yr,5,1,3,2,3,1,3,No,0.4679,Moderate
2126,18,Female,Married,Research & Development,Manager,Medical,3,1,2631,<3K (Low),14,2,Travel_Rarely,19,Yes,0,1,0,0-1 yr,0,0,0,Promoted <=1yr,3,1,3,4,3,1,3,Yes,0.8891,Critical
2127,42,Male,Single,Sales,Manager,Other,4,4,15412,15K+ (High),14,1,Travel_Frequently,1,No,21,1,6,4-6 yr,6,1,0,Promoted <=1yr,3,3,1,4,3,3,4,No,0.2395,Low
2128,24,Female,Single,Research & Development,Research Scientist,Medical,3,1,3132,3K-6K,14,1,Travel_Frequently,5,No,3,3,0,0-1 yr,0,0,0,Promoted <=1yr,4,3,2,4,4,4,4,No,0.5664,High
2129,42,Male,Single,Research & Development,Manager,Medical,3,4,10401,10K-15K,13,0,Travel_Rarely,1,No,20,0,2,2-3 yr,2,2,2,Not Recently Promoted,0,1,2,2,1,2,4,Yes,0.5172,High
2130,56,Male,Single,Research & Development,Manufacturing Director,Technical Degree,2,5,19643,15K+ (High),11,1,Travel_Rarely,5,Yes,34,1,2,2-3 yr,0,0,0,Promoted <=1yr,4,3,3,2,4,4,3,Yes,0.4193,Moderate
2131,40,Female,Single,Research & Development,Manufacturing Director,Other,3,4,12171,10K-15K,12,0,Non-Travel,2,Yes,20,1,0,0-1 yr,0,0,0,Promoted <=1yr,0,3,3,2,2,4,3,No,0.432,Moderate
2132,28,Male,Married,Sales,Sales Executive,Life Sciences,3,2,5232,3K-6K,13,0,Travel_Rarely,10,No,7,2,2,2-3 yr,2,0,1,Promoted <=1yr,1,4,3,3,3,3,4,No,0.264,Moderate
2133,44,Female,Single,Research & Development,Research Director,Medical,4,5,16671,15K+ (High),14,0,Travel_Rarely,29,No,20,3,20,10+ yr,1,0,2,Promoted <=1yr,2,4,1,4,2,2,4,No,0.2246,Low
2134,37,Male,Married,Research & Development,Manager,Other,1,3,6353,6K-10K,17,1,Travel_Rarely,8,No,16,8,12,10+ yr,5,6,2,Not Recently Promoted,5,3,4,1,1,3,3,No,0.5362,High
2135,37,Female,Single,Human Resources,Manager,Other,3,3,5217,3K-6K,13,1,Travel_Frequently,9,No,15,1,1,0-1 yr,1,1,1,Promoted <=1yr,4,1,3,3,4,3,3,No,0.7712,Critical
2136,36,Male,Divorced,Research & Development,Healthcare Representative,Medical,1,3,5181,3K-6K,19,2,Travel_Rarely,9,Yes,14,1,0,0-1 yr,0,0,0,Promoted <=1yr,1,4,3,2,3,3,3,Yes,0.6421,High
2137,25,Female,Single,Research & Development,Healthcare Representative,Other,5,1,3465,3K-6K,12,1,Travel_Rarely,7,No,5,1,3,2-3 yr,0,1,1,Promoted <=1yr,2,2,3,1,3,4,4,No,0.4133,Moderate
2138,39,Female,Married,Research & Development,Laboratory Technician,Technical Degree,2,4,11253,10K-15K,13,1,Travel_Rarely,20,No,18,1,0,0-1 yr,0,0,0,Promoted <=1yr,0,3,2,3,3,3,4,No,0.1944,Low
2139,30,Female,Married,Research & Development,Research Director,Technical Degree,4,3,7510,6K-10K,15,2,Travel_Frequently,12,No,9,4,3,2-3 yr,0,2,1,Not Recently Promoted,1,4,2,4,3,3,3,No,0.3684,Moderate
2140,36,Male,Single,Research & Development,Manager,Other,4,4,11044,10K-15K,16,3,Travel_Rarely,3,No,12,3,7,7-10 yr,2,0,7,Promoted <=1yr,3,1,4,3,4,3,3,No,0.517,High
2141,29,Male,Divorced,Research & Development,Research Scientist,Technical Degree,1,2,2806,<3K (Low),11,0,Travel_Rarely,5,Yes,7,0,3,2-3 yr,3,1,0,Promoted <=1yr,1,4,3,4,4,1,3,Yes,0.676,High
2142,36,Male,Divorced,Research & Development,Manufacturing Director,Medical,3,3,8678,6K-10K,17,0,Travel_Frequently,1,Yes,14,3,3,2-3 yr,0,0,1,Promoted <=1yr,1,2,4,4,2,4,3,Yes,0.665,High
2143,45,Female,Divorced,Research & Development,Laboratory Technician,Life Sciences,4,4,9237,6K-10K,12,0,Travel_Rarely,12,No,23,3,2,2-3 yr,0,1,2,Promoted <=1yr,4,2,1,2,3,3,3,No,0.41,Moderate
2144,52,Female,Married,Research & Development,Research Director,Technical Degree,3,5,19774,15K+ (High),11,0,Travel_Rarely,15,No,30,2,2,2-3 yr,1,0,2,Promoted <=1yr,3,4,4,2,3,3,3,No,0.0719,Low
2145,21,Male,Single,Sales,Sales Representative,Other,1,1,2500,<3K (Low),17,1,Travel_Rarely,13,Yes,0,4,0,0-1 yr,0,0,0,Promoted <=1yr,3,3,4,3,3,4,3,Yes,0.7881,Critical
2146,31,Male,Single,Research & Development,Healthcare Representative,Other,1,2,5347,3K-6K,19,1,Travel_Rarely,11,No,7,2,0,0-1 yr,0,0,0,Promoted <=1yr,1,1,4,3,3,2,3,No,0.6504,High
2147,49,Female,Married,Research & Development,Manager,Life Sciences,4,5,16632,15K+ (High),18,2,Travel_Rarely,8,Yes,29,6,0,0-1 yr,0,0,0,Promoted <=1yr,3,2,4,4,3,1,3,Yes,0.6589,High
2148,29,Female,Married,Research & Development,Healthcare Representative,Life Sciences,3,1,3007,3K-6K,11,0,Non-Travel,4,No,5,2,5,4-6 yr,3,4,1,Not Recently Promoted,4,2,2,3,3,3,3,Yes,0.5353,High
2149,37,Male,Divorced,Research & Development,Laboratory Technician,Technical Degree,3,3,6623,6K-10K,11,0,Travel_Rarely,11,Yes,14,1,0,0-1 yr,0,0,0,Promoted <=1yr,3,4,4,1,3,4,4,No,0.3864,Moderate
2150,36,Male,Single,Research & Development,Manufacturing Director,Technical Degree,4,3,10044,10K-15K,11,1,Travel_Rarely,6,No,13,3,6,4-6 yr,0,2,0,Not Recently Promoted,3,3,2,1,3,3,4,No,0.528,High
2151,54,Male,Married,Research & Development,Research Scientist,Technical Degree,3,5,19640,15K+ (High),15,2,Travel_Rarely,1,No,33,1,9,7-10 yr,3,5,2,Not Recently Promoted,3,3,2,3,3,3,3,No,0.1003,Low
2152,20,Male,Divorced,Research & Development,Healthcare Representative,Medical,3,1,2577,<3K (Low),17,1,Travel_Rarely,2,Yes,0,1,0,0-1 yr,0,0,0,Promoted <=1yr,2,2,4,4,3,1,3,No,0.8013,Critical
2153,31,Male,Single,Research & Development,Research Director,Medical,4,2,4230,3K-6K,15,0,Travel_Rarely,9,No,9,1,0,0-1 yr,0,0,0,Promoted <=1yr,3,2,4,4,2,1,3,Yes,0.6324,High
2154,44,Male,Married,Research & Development,Research Scientist,Technical Degree,3,4,13206,10K-15K,12,0,Travel_Rarely,6,No,23,0,10,7-10 yr,2,1,1,Promoted <=1yr,1,1,3,2,3,3,3,No,0.1715,Low
2155,34,Male,Married,Research & Development,Research Scientist,Medical,2,3,6530,6K-10K,11,1,Travel_Rarely,4,Yes,13,1,2,2-3 yr,0,1,2,Promoted <=1yr,1,4,1,2,3,2,3,No,0.5343,High
2156,32,Female,Married,Research & Development,Research Scientist,Life Sciences,1,2,4480,3K-6K,13,2,Travel_Rarely,3,Yes,10,2,10,7-10 yr,1,8,0,Not Recently Promoted,1,1,3,3,3,3,3,No,0.7289,High
2157,40,Female,Divorced,Sales,Manager,Life Sciences,3,4,11498,10K-15K,11,1,Travel_Frequently,11,Yes,20,4,5,4-6 yr,1,5,0,Not Recently Promoted,6,4,4,4,4,3,3,Yes,0.6588,High
2158,45,Male,Single,Research & Development,Manager,Life Sciences,3,4,11923,10K-15K,16,1,Travel_Rarely,1,Yes,23,1,5,4-6 yr,4,0,0,Promoted <=1yr,2,4,2,3,2,3,3,No,0.5069,High
2159,48,Male,Single,Research & Development,Research Director,Technical Degree,4,5,12629,10K-15K,14,0,Non-Travel,15,No,27,4,4,4-6 yr,0,2,4,Not Recently Promoted,2,4,4,4,1,3,3,No,0.1924,Low
2160,22,Female,Single,Research & Development,Research Director,Technical Degree,4,1,2593,<3K (Low),14,0,Non-Travel,6,No,1,2,0,0-1 yr,0,0,0,Promoted <=1yr,4,1,2,4,1,3,4,No,0.6773,High
2161,19,Female,Divorced,Research & Development,Manager,Medical,2,1,2251,<3K (Low),15,2,Travel_Rarely,20,No,0,2,0,0-1 yr,0,0,0,Promoted <=1yr,2,3,4,3,2,3,3,No,0.6296,High
2162,36,Male,Single,Research & Development,Research Director,Technical Degree,5,4,14267,10K-15K,11,1,Travel_Rarely,2,No,13,1,1,0-1 yr,0,1,1,Promoted <=1yr,3,2,1,3,3,3,3,No,0.381,Moderate
2163,31,Female,Married,Sales,Sales Executive,Marketing,3,2,4841,3K-6K,11,1,Travel_Rarely,8,No,9,0,5,4-6 yr,5,1,0,Promoted <=1yr,3,2,4,3,3,1,3,No,0.4365,Moderate
2164,34,Female,Married,Sales,Sales Executive,Other,3,3,8105,6K-10K,19,0,Travel_Frequently,12,No,13,1,5,4-6 yr,2,0,2,Promoted <=1yr,4,3,1,3,3,4,3,No,0.4327,Moderate
2165,24,Female,Married,Research & Development,Laboratory Technician,Life Sciences,3,1,2676,<3K (Low),15,3,Travel_Frequently,3,No,4,3,4,4-6 yr,0,0,1,Promoted <=1yr,4,4,4,3,3,3,3,No,0.3125,Moderate
2166,38,Female,Single,Research & Development,Laboratory Technician,Life Sciences,5,4,15071,15K+ (High),11,1,Travel_Rarely,23,No,18,2,14,10+ yr,2,0,2,Promoted <=1yr,2,1,3,4,3,2,3,No,0.3485,Moderate
2167,29,Female,Single,Research & Development,Research Scientist,Other,3,2,5723,3K-6K,16,0,Travel_Rarely,1,Yes,9,1,9,7-10 yr,0,0,1,Promoted <=1yr,2,3,3,3,2,2,3,No,0.5976,High
2168,60,Male,Single,Research & Development,Manager,Medical,4,5,19744,15K+ (High),14,0,Travel_Rarely,14,Yes,38,3,0,0-1 yr,0,0,0,Promoted <=1yr,2,3,4,2,2,2,4,Yes,0.513,High
2169,28,Female,Single,Research & Development,Manager,Medical,3,2,3630,3K-6K,11,0,Travel_Rarely,11,No,7,6,0,0-1 yr,0,0,0,Promoted <=1yr,2,2,3,1,1,2,3,No,0.8138,Critical
2170,30,Female,Divorced,Research & Development,Laboratory Technician,Medical,2,2,4370,3K-6K,16,1,Travel_Rarely,29,No,10,3,6,4-6 yr,1,0,1,Promoted <=1yr,2,4,4,3,3,4,3,No,0.3308,Moderate
2171,28,Male,Divorced,Research & Development,Healthcare Representative,Medical,2,2,4447,3K-6K,14,2,Travel_Frequently,3,No,8,3,8,7-10 yr,3,0,0,Promoted <=1yr,3,4,4,1,3,2,3,No,0.4921,Moderate
2172,38,Male,Divorced,Sales,Sales Executive,Marketing,2,3,6062,6K-10K,17,0,Travel_Rarely,5,No,12,2,0,0-1 yr,0,0,0,Promoted <=1yr,5,3,1,1,2,2,3,No,0.5614,High
2173,26,Male,Married,Sales,Manager,Life Sciences,3,1,2599,<3K (Low),14,0,Travel_Rarely,4,No,5,3,2,2-3 yr,2,1,0,Promoted <=1yr,1,2,1,1,2,3,3,Yes,0.4658,Moderate
2174,21,Male,Divorced,Research & Development,Healthcare Representative,Other,4,2,5103,3K-6K,23,1,Travel_Rarely,4,Yes,0,1,0,0-1 yr,0,0,0,Promoted <=1yr,6,2,3,4,1,2,3,No,0.8259,Critical
2175,45,Female,Single,Research & Development,Research Director,Technical Degree,4,4,14196,10K-15K,13,1,Travel_Rarely,2,No,23,4,16,10+ yr,2,1,0,Promoted <=1yr,1,4,3,3,3,3,3,No,0.1459,Low
2176,29,Female,Divorced,Research & Development,Research Scientist,Life Sciences,3,2,4552,3K-6K,14,1,Travel_Rarely,1,Yes,6,2,0,0-1 yr,0,0,0,Promoted <=1yr,2,2,2,3,1,2,3,No,0.6917,High
2177,28,Male,Married,Research & Development,Manufacturing Director,Technical Degree,4,3,6810,6K-10K,14,0,Travel_Rarely,17,No,7,4,5,4-6 yr,0,1,1,Promoted <=1yr,4,4,1,3,3,3,3,No,0.5377,High
2178,49,Male,Married,Research & Development,Research Director,Medical,5,5,20000,15K+ (High),13,1,Travel_Rarely,6,Yes,28,1,18,10+ yr,0,1,0,Promoted <=1yr,2,3,2,2,3,2,3,No,0.2455,Low
2179,33,Male,Single,Human Resources,Manager,Other,3,3,6897,6K-10K,12,1,Travel_Rarely,2,No,12,3,4,4-6 yr,0,0,2,Promoted <=1yr,2,3,4,4,2,2,3,No,0.3506,Moderate
2180,42,Female,Married,Research & Development,Healthcare Representative,Life Sciences,2,3,7183,6K-10K,20,1,Travel_Rarely,4,Yes,17,5,14,10+ yr,2,0,2,Promoted <=1yr,1,2,2,4,4,3,3,No,0.5756,High
2181,38,Male,Divorced,Sales,Manager,Other,3,3,5911,3K-6K,18,1,Travel_Frequently,1,No,15,1,0,0-1 yr,0,0,0,Promoted <=1yr,5,3,3,2,4,1,3,Yes,0.6729,High
2182,36,Male,Divorced,Research & Development,Healthcare Representative,Medical,4,3,7933,6K-10K,11,1,Travel_Rarely,1,No,13,4,0,0-1 yr,0,0,0,Promoted <=1yr,6,4,2,2,2,4,3,Yes,0.3328,Moderate
2183,37,Male,Married,Research & Development,Manager,Technical Degree,2,3,7973,6K-10K,16,1,Travel_Rarely,1,No,16,3,12,10+ yr,0,2,0,Not Recently Promoted,5,4,1,3,1,2,4,No,0.4863,Moderate
2184,39,Male,Single,Sales,Manager,Life Sciences,3,3,7260,6K-10K,11,0,Non-Travel,1,No,16,3,6,4-6 yr,2,1,1,Promoted <=1yr,3,4,4,4,3,4,3,No,0.2296,Low
2185,45,Male,Married,Research & Development,Research Scientist,Life Sciences,3,4,12540,10K-15K,11,2,Travel_Rarely,3,No,21,3,2,2-3 yr,2,0,0,Promoted <=1yr,2,3,3,4,2,3,3,No,0.1195,Low
2186,32,Female,Married,Research & Development,Laboratory Technician,Life Sciences,4,2,5364,3K-6K,22,2,Non-Travel,1,No,9,0,4,4-6 yr,1,0,1,Promoted <=1yr,1,3,1,3,2,3,3,No,0.2269,Low
2187,28,Female,Single,Sales,Sales Executive,Life Sciences,3,2,5359,3K-6K,17,1,Travel_Rarely,11,No,8,2,1,0-1 yr,1,1,1,Promoted <=1yr,1,4,1,3,3,3,3,Yes,0.5254,High
2188,30,Male,Divorced,Sales,Sales Representative,Life Sciences,4,2,3802,3K-6K,16,0,Travel_Rarely,2,No,10,1,5,4-6 yr,1,0,3,Promoted <=1yr,3,2,2,3,3,2,4,No,0.5523,High
2189,46,Female,Married,Research & Development,Healthcare Representative,Life Sciences,3,5,20000,15K+ (High),20,1,Travel_Rarely,6,No,26,2,7,7-10 yr,1,1,7,Promoted <=1yr,1,4,4,3,2,1,3,No,0.0831,Low
2190,43,Male,Divorced,Research & Development,Manager,Life Sciences,3,4,12211,10K-15K,17,1,Travel_Frequently,6,No,23,6,1,0-1 yr,1,1,0,Promoted <=1yr,1,1,4,1,3,3,3,No,0.7187,High
2191,41,Male,Single,Research & Development,Research Scientist,Life Sciences,2,4,11630,10K-15K,15,0,Travel_Rarely,8,No,20,0,10,7-10 yr,3,1,3,Promoted <=1yr,2,2,4,1,3,3,3,No,0.2495,Low
2192,44,Male,Married,Research & Development,Research Director,Life Sciences,4,4,17393,15K+ (High),20,2,Travel_Rarely,15,No,22,2,7,7-10 yr,2,2,5,Not Recently Promoted,1,4,4,4,4,2,3,No,0.1082,Low
2193,41,Male,Married,Sales,Manager,Marketing,3,3,5782,3K-6K,14,3,Travel_Rarely,1,No,15,7,1,0-1 yr,0,0,1,Promoted <=1yr,0,3,3,4,1,3,4,No,0.2267,Low
2194,46,Male,Single,Research & Development,Manager,Life Sciences,5,5,18573,15K+ (High),13,0,Travel_Rarely,4,No,24,1,2,2-3 yr,1,2,2,Not Recently Promoted,2,2,1,4,1,3,3,Yes,0.4081,Moderate
2195,38,Female,Single,Sales,Manager,Other,4,4,10867,10K-15K,12,1,Travel_Rarely,5,No,16,5,0,0-1 yr,0,0,0,Promoted <=1yr,1,1,4,2,3,4,3,No,0.451,Moderate
2196,36,Female,Divorced,Sales,Manager,Other,4,4,11211,10K-15K,16,0,Travel_Rarely,10,No,12,5,3,2-3 yr,2,0,1,Promoted <=1yr,1,2,4,1,3,3,3,Yes,0.3598,Moderate
2197,36,Female,Single,Research & Development,Manager,Other,4,4,13070,10K-15K,18,2,Travel_Rarely,10,Yes,16,5,0,0-1 yr,0,0,0,Promoted <=1yr,2,4,2,2,2,3,3,Yes,0.7182,High
2198,25,Male,Married,Sales,Sales Representative,Life Sciences,3,1,2152,<3K (Low),24,2,Travel_Frequently,15,No,3,1,3,2-3 yr,3,1,2,Promoted <=1yr,1,4,1,3,2,1,3,Yes,0.5286,High
2199,39,Male,Married,Research & Development,Healthcare Representative,Technical Degree,4,3,7287,6K-10K,11,2,Travel_Rarely,13,No,17,2,17,10+ yr,4,0,0,Promoted <=1yr,1,3,4,1,2,3,3,No,0.1775,Low
2200,40,Male,Married,Research & Development,Research Scientist,Other,4,4,13024,10K-15K,16,1,Travel_Rarely,6,No,18,4,0,0-1 yr,0,0,0,Promoted <=1yr,3,1,4,2,2,2,4,No,0.3728,Moderate
2201,32,Female,Married,Research & Development,Research Director,Medical,3,2,4706,3K-6K,20,1,Travel_Rarely,2,No,11,2,6,4-6 yr,3,3,3,Not Recently Promoted,3,2,4,2,4,4,3,No,0.3508,Moderate
2202,45,Female,Married,Research & Development,Research Scientist,Medical,3,5,19439,15K+ (High),20,0,Travel_Rarely,29,No,24,4,5,4-6 yr,0,3,1,Not Recently Promoted,2,4,3,2,3,3,3,No,0.2314,Low
2203,28,Male,Married,Research & Development,Research Director,Life Sciences,4,2,4642,3K-6K,13,0,Travel_Rarely,1,No,6,2,3,2-3 yr,0,1,0,Promoted <=1yr,5,3,4,3,3,4,3,No,0.2971,Moderate
2204,31,Female,Married,Research & Development,Healthcare Representative,Medical,5,2,4033,3K-6K,11,1,Travel_Rarely,6,Yes,10,3,0,0-1 yr,0,0,0,Promoted <=1yr,1,4,1,4,3,3,3,No,0.5522,High
2205,42,Female,Divorced,Research & Development,Research Scientist,Life Sciences,4,4,12360,10K-15K,21,1,Travel_Rarely,11,No,22,2,3,2-3 yr,3,3,1,Not Recently Promoted,3,4,3,2,2,4,3,No,0.2039,Low
2206,27,Female,Single,Research & Development,Research Scientist,Life Sciences,3,2,4352,3K-6K,16,0,Travel_Rarely,8,Yes,6,2,1,0-1 yr,1,0,1,Promoted <=1yr,3,4,4,3,1,2,3,No,0.5886,High
2207,23,Male,Single,Research & Development,Manager,Life Sciences,4,1,2181,<3K (Low),11,2,Travel_Frequently,4,Yes,0,3,0,0-1 yr,0,0,0,Promoted <=1yr,4,3,2,3,3,3,3,Yes,0.9206,Critical
2208,30,Male,Divorced,Research & Development,Manager,Other,3,2,3520,3K-6K,18,0,Travel_Frequently,1,No,10,2,4,4-6 yr,3,0,2,Promoted <=1yr,1,1,1,4,3,2,4,Yes,0.797,Critical
2209,18,Male,Divorced,Research & Development,Research Director,Other,2,1,3228,3K-6K,11,3,Travel_Rarely,1,No,0,2,0,0-1 yr,0,0,0,Promoted <=1yr,2,2,4,2,1,1,4,Yes,0.5181,High
2210,34,Female,Single,Research & Development,Manufacturing Director,Medical,3,3,6287,6K-10K,17,0,Travel_Rarely,3,No,12,3,8,7-10 yr,0,0,2,Promoted <=1yr,2,2,4,4,3,2,3,No,0.5286,High
2211,38,Male,Divorced,Research & Development,Manufacturing Director,Life Sciences,1,3,7036,6K-10K,17,0,Travel_Rarely,23,No,14,1,1,0-1 yr,1,1,1,Promoted <=1yr,5,2,4,4,3,2,3,No,0.7264,High
2212,42,Female,Divorced,Sales,Manager,Life Sciences,3,4,11131,10K-15K,11,1,Travel_Rarely,6,Yes,21,4,3,2-3 yr,3,1,0,Promoted <=1yr,5,4,4,1,2,1,4,No,0.5626,High
2213,31,Male,Single,Sales,Manager,Other,4,2,6476,6K-10K,15,1,Travel_Frequently,1,No,8,3,3,2-3 yr,3,0,0,Promoted <=1yr,2,2,2,4,3,2,3,No,0.6067,High
2214,21,Male,Single,Sales,Sales Executive,Marketing,4,2,5174,3K-6K,19,3,Travel_Rarely,4,No,0,3,0,0-1 yr,0,0,0,Promoted <=1yr,4,2,4,4,3,3,4,No,0.6535,High
2215,40,Male,Married,Sales,Sales Representative,Marketing,3,4,11165,10K-15K,15,1,Travel_Frequently,18,No,20,0,9,7-10 yr,0,1,2,Promoted <=1yr,2,2,4,2,3,3,3,No,0.2827,Moderate
2216,33,Female,Married,Research & Development,Research Director,Life Sciences,3,3,6455,6K-10K,11,0,Travel_Rarely,21,Yes,12,2,1,0-1 yr,0,0,1,Promoted <=1yr,5,4,3,2,3,3,3,No,0.5808,High
2217,56,Female,Single,Research & Development,Manager,Other,4,5,20000,15K+ (High),12,1,Travel_Frequently,1,No,33,3,8,7-10 yr,2,0,0,Promoted <=1yr,2,4,1,1,3,2,3,No,0.2292,Low
2218,38,Female,Divorced,Research & Development,Manufacturing Director,Technical Degree,4,3,7565,6K-10K,15,0,Travel_Rarely,13,No,15,0,5,4-6 yr,1,5,1,Not Recently Promoted,2,3,4,1,3,2,3,Yes,0.5537,High
2219,18,Male,Married,Sales,Sales Representative,Life Sciences,4,2,4692,3K-6K,16,0,Travel_Rarely,6,No,0,5,0,0-1 yr,0,0,0,Promoted <=1yr,3,4,4,3,3,2,3,No,0.4404,Moderate
2220,30,Male,Married,Research & Development,Laboratory Technician,Life Sciences,4,2,5811,3K-6K,13,1,Travel_Rarely,2,No,7,0,2,2-3 yr,0,2,1,Not Recently Promoted,2,4,1,3,2,4,3,No,0.2041,Low
2221,44,Female,Married,Research & Development,Healthcare Representative,Medical,4,4,10675,10K-15K,14,3,Travel_Frequently,10,No,22,3,22,10+ yr,5,1,0,Promoted <=1yr,3,3,2,4,3,3,3,No,0.184,Low
2222,38,Female,Divorced,Sales,Sales Representative,Marketing,3,3,5281,3K-6K,19,0,Travel_Rarely,2,No,15,2,2,2-3 yr,2,0,2,Promoted <=1yr,3,1,3,1,2,3,3,Yes,0.5264,High
2223,19,Female,Single,Research & Development,Healthcare Representative,Technical Degree,3,1,2596,<3K (Low),16,1,Travel_Rarely,1,No,0,0,0,0-1 yr,0,0,0,Promoted <=1yr,3,2,4,3,3,3,4,No,0.5112,High
2224,39,Female,Single,Research & Development,Research Scientist,Life Sciences,1,4,9883,6K-10K,11,2,Travel_Rarely,8,No,19,2,0,0-1 yr,0,0,0,Promoted <=1yr,3,3,1,4,2,3,3,No,0.362,Moderate
2225,40,Male,Married,Research & Development,Research Scientist,Life Sciences,2,4,12868,10K-15K,14,0,Non-Travel,1,No,19,4,4,4-6 yr,4,3,4,Not Recently Promoted,1,1,4,2,3,1,3,No,0.2933,Moderate
2226,35,Male,Married,Research & Development,Manufacturing Director,Other,2,3,6410,6K-10K,16,1,Travel_Frequently,29,No,14,2,1,0-1 yr,1,0,1,Promoted <=1yr,0,1,2,4,3,2,3,No,0.7136,High
2227,35,Female,Divorced,Research & Development,Manager,Life Sciences,2,3,4825,3K-6K,17,1,Travel_Rarely,15,No,14,2,6,4-6 yr,5,0,3,Promoted <=1yr,2,2,3,1,3,3,3,No,0.6068,High
2228,25,Female,Single,Research & Development,Manager,Medical,4,2,6008,6K-10K,17,1,Travel_Frequently,1,Yes,3,2,1,0-1 yr,1,1,1,Promoted <=1yr,4,3,2,1,2,3,3,Yes,0.8558,Critical
2229,50,Female,Single,Research & Development,Research Scientist,Technical Degree,1,5,13980,10K-15K,15,1,Travel_Rarely,1,No,30,1,15,10+ yr,3,0,2,Promoted <=1yr,3,4,4,4,3,4,3,No,0.0777,Low
2230,48,Female,Divorced,Research & Development,Research Director,Medical,4,5,17326,15K+ (High),17,0,Travel_Rarely,3,No,27,0,3,2-3 yr,0,0,0,Promoted <=1yr,2,3,3,3,3,2,3,No,0.1762,Low
2231,33,Male,Married,Research & Development,Research Director,Medical,3,2,4360,3K-6K,12,0,Travel_Rarely,1,No,11,2,3,2-3 yr,1,3,0,Not Recently Promoted,3,3,4,3,4,3,3,No,0.3216,Moderate
2232,35,Female,Married,Research & Development,Healthcare Representative,Medical,4,4,7693,6K-10K,21,0,Travel_Frequently,2,Yes,15,4,1,0-1 yr,0,1,0,Promoted <=1yr,2,3,4,2,1,4,3,No,0.565,High
2233,41,Male,Married,Research & Development,Healthcare Representative,Other,2,4,7655,6K-10K,13,2,Travel_Rarely,1,No,19,5,1,0-1 yr,1,1,1,Promoted <=1yr,2,1,2,4,4,3,3,No,0.4828,Moderate
2234,32,Male,Married,Human Resources,Human Resources,Human Resources,2,2,4915,3K-6K,13,3,Non-Travel,1,No,10,1,0,0-1 yr,0,0,0,Promoted <=1yr,4,1,4,4,1,3,3,No,0.4711,Moderate
2235,33,Female,Divorced,Research & Development,Research Scientist,Technical Degree,2,2,4521,3K-6K,11,2,Non-Travel,1,No,11,2,3,2-3 yr,3,0,0,Promoted <=1yr,3,3,4,4,3,3,3,No,0.3119,Moderate
2236,41,Male,Single,Research & Development,Laboratory Technician,Other,3,4,17483,15K+ (High),14,1,Travel_Rarely,1,Yes,20,2,7,7-10 yr,4,0,0,Promoted <=1yr,2,3,4,4,4,3,4,No,0.206,Low
2237,43,Female,Married,Research & Development,Manufacturing Director,Other,1,4,11634,10K-15K,19,0,Travel_Rarely,7,No,23,1,9,7-10 yr,0,0,0,Promoted <=1yr,1,1,2,4,3,2,3,No,0.4462,Moderate
2238,55,Male,Single,Research & Development,Research Scientist,Medical,2,5,15224,15K+ (High),11,2,Travel_Rarely,2,No,33,1,0,0-1 yr,0,0,0,Promoted <=1yr,3,2,4,2,4,3,3,No,0.2084,Low
2239,49,Female,Married,Research & Development,Laboratory Technician,Technical Degree,1,5,13709,10K-15K,19,1,Travel_Rarely,4,No,25,3,10,7-10 yr,3,6,3,Not Recently Promoted,5,4,4,2,2,3,4,No,0.1409,Low
2240,35,Male,Single,Research & Development,Healthcare Representative,Technical Degree,3,2,4385,3K-6K,15,0,Travel_Rarely,3,No,10,2,0,0-1 yr,0,0,0,Promoted <=1yr,4,3,4,3,2,3,4,No,0.4723,Moderate
2241,18,Male,Married,Research & Development,Manager,Life Sciences,2,1,3482,3K-6K,15,1,Travel_Rarely,1,No,0,5,0,0-1 yr,0,0,0,Promoted <=1yr,1,3,3,1,3,4,3,Yes,0.555,High
2242,37,Female,Married,Research & Development,Manager,Medical,2,3,6571,6K-10K,13,0,Travel_Rarely,17,No,13,2,3,2-3 yr,0,2,3,Not Recently Promoted,0,4,3,1,3,1,3,No,0.4663,Moderate
2243,38,Female,Married,Research & Development,Healthcare Representative,Medical,3,3,8372,6K-10K,12,1,Travel_Frequently,1,No,16,1,1,0-1 yr,1,0,1,Promoted <=1yr,0,3,2,2,3,4,3,No,0.202,Low
2244,36,Male,Single,Research & Development,Healthcare Representative,Other,3,2,4665,3K-6K,14,1,Travel_Rarely,8,No,11,4,2,2-3 yr,0,0,2,Promoted <=1yr,3,3,3,1,3,2,3,No,0.5946,High
2245,48,Female,Single,Research & Development,Healthcare Representative,Technical Degree,1,5,20000,15K+ (High),11,2,Travel_Rarely,4,No,25,1,1,0-1 yr,1,0,1,Promoted <=1yr,1,4,3,3,4,4,3,No,0.0964,Low
2246,40,Male,Married,Research & Development,Manufacturing Director,Other,3,4,11967,10K-15K,11,1,Travel_Frequently,1,No,20,3,5,4-6 yr,2,2,4,Not Recently Promoted,1,3,4,2,2,2,3,Yes,0.2515,Moderate
2247,47,Male,Married,Research & Development,Manufacturing Director,Life Sciences,3,4,13004,10K-15K,20,1,Travel_Rarely,3,No,23,0,0,0-1 yr,0,0,0,Promoted <=1yr,4,2,1,4,3,2,3,Yes,0.4242,Moderate
2248,22,Male,Married,Sales,Manager,Marketing,3,1,2516,<3K (Low),18,3,Travel_Frequently,3,No,1,4,1,0-1 yr,1,1,1,Promoted <=1yr,3,1,3,2,3,4,3,No,0.6605,High
2249,55,Female,Single,Research & Development,Laboratory Technician,Technical Degree,2,5,20000,15K+ (High),15,0,Travel_Rarely,7,No,32,2,12,10+ yr,1,1,4,Promoted <=1yr,2,4,2,3,2,3,3,No,0.0636,Low
2250,41,Female,Married,Sales,Manager,Marketing,3,4,10998,10K-15K,11,0,Travel_Frequently,1,No,19,4,0,0-1 yr,0,0,0,Promoted <=1yr,5,3,4,3,1,3,3,No,0.2824,Moderate
2251,22,Female,Divorced,Research & Development,Healthcare Representative,Other,4,2,4984,3K-6K,11,2,Travel_Rarely,1,Yes,0,1,0,0-1 yr,0,0,0,Promoted <=1yr,5,3,3,1,1,2,4,No,0.681,High
2252,18,Male,Single,Research & Development,Manufacturing Director,Technical Degree,3,1,2905,<3K (Low),18,0,Travel_Rarely,9,No,0,0,0,0-1 yr,0,0,0,Promoted <=1yr,4,1,2,2,3,2,3,Yes,0.8472,Critical
2253,18,Male,Married,Sales,Sales Representative,Life Sciences,2,1,3453,3K-6K,13,2,Travel_Rarely,1,No,0,2,0,0-1 yr,0,0,0,Promoted <=1yr,2,3,3,3,3,3,3,No,0.362,Moderate
2254,32,Female,Single,Sales,Sales Representative,Life Sciences,4,2,3530,3K-6K,14,1,Travel_Rarely,5,No,11,3,2,2-3 yr,2,0,1,Promoted <=1yr,2,2,4,3,3,3,3,No,0.4583,Moderate
2255,47,Female,Single,Research & Development,Manager,Medical,2,5,12204,10K-15K,13,0,Travel_Rarely,1,No,27,3,3,2-3 yr,3,2,1,Not Recently Promoted,1,3,2,4,3,2,3,No,0.4893,Moderate
2256,41,Female,Married,Research & Development,Laboratory Technician,Life Sciences,5,4,8710,6K-10K,12,2,Travel_Rarely,9,No,19,4,2,2-3 yr,0,0,0,Promoted <=1yr,4,3,4,1,3,3,4,No,0.2305,Low
2257,24,Male,Single,Sales,Sales Executive,Marketing,2,1,2288,<3K (Low),17,0,Travel_Rarely,5,No,1,4,0,0-1 yr,0,0,0,Promoted <=1yr,2,1,3,3,3,3,3,No,0.7643,Critical
2258,39,Male,Married,Research & Development,Manufacturing Director,Other,3,4,9748,6K-10K,15,0,Travel_Rarely,22,No,19,6,6,4-6 yr,6,1,0,Promoted <=1yr,5,4,2,3,1,4,3,No,0.33,Moderate
2259,41,Female,Divorced,Research & Development,Laboratory Technician,Technical Degree,2,4,11618,10K-15K,11,3,Travel_Rarely,14,No,20,1,8,7-10 yr,5,2,1,Not Recently Promoted,3,1,3,2,3,3,3,No,0.2493,Low
2260,26,Male,Divorced,Human Resources,Manager,Other,1,1,3381,3K-6K,11,1,Travel_Frequently,4,Yes,5,2,0,0-1 yr,0,0,0,Promoted <=1yr,4,4,1,3,3,3,3,Yes,0.813,Critical
2261,34,Male,Divorced,Human Resources,Human Resources,Human Resources,3,2,4448,3K-6K,12,3,Travel_Rarely,12,No,11,3,1,0-1 yr,0,1,1,Promoted <=1yr,1,3,1,4,2,3,3,No,0.5892,High
2262,33,Female,Married,Sales,Manager,Life Sciences,3,2,4677,3K-6K,12,3,Travel_Rarely,17,No,9,7,0,0-1 yr,0,0,0,Promoted <=1yr,5,2,3,2,4,2,3,Yes,0.693,High
2263,36,Female,Married,Sales,Sales Executive,Life Sciences,4,3,9261,6K-10K,20,1,Travel_Rarely,1,Yes,14,4,0,0-1 yr,0,0,0,Promoted <=1yr,4,4,1,4,4,2,3,Yes,0.6022,High
2264,39,Male,Married,Research & Development,Laboratory Technician,Medical,2,3,6581,6K-10K,16,0,Travel_Rarely,5,Yes,17,5,9,7-10 yr,9,1,1,Promoted <=1yr,1,4,4,4,2,3,3,Yes,0.2381,Low
2265,36,Female,Divorced,Research & Development,Research Scientist,Medical,3,3,6183,6K-10K,14,2,Travel_Frequently,2,No,14,2,1,0-1 yr,0,0,0,Promoted <=1yr,5,1,3,2,2,3,3,No,0.6416,High
2266,35,Male,Married,Sales,Manager,Marketing,2,3,6035,6K-10K,16,1,Travel_Rarely,9,No,14,2,2,2-3 yr,2,2,2,Not Recently Promoted,1,3,4,1,3,4,3,Yes,0.3021,Moderate
2267,37,Male,Single,Research & Development,Laboratory Technician,Other,3,3,5204,3K-6K,20,1,Travel_Rarely,1,No,16,4,3,2-3 yr,0,0,3,Promoted <=1yr,2,2,3,4,1,2,3,No,0.4288,Moderate
2268,40,Male,Married,Research & Development,Research Scientist,Technical Degree,3,4,11092,10K-15K,20,1,Travel_Rarely,2,Yes,19,4,9,7-10 yr,1,2,0,Not Recently Promoted,4,1,3,4,3,3,4,Yes,0.6465,High
2269,31,Male,Married,Research & Development,Manufacturing Director,Other,3,2,4181,3K-6K,18,1,Travel_Rarely,2,No,9,5,1,0-1 yr,1,1,1,Promoted <=1yr,3,4,3,4,2,2,3,No,0.5227,High
2270,42,Female,Divorced,Research & Development,Research Director,Medical,3,4,11199,10K-15K,11,2,Travel_Frequently,2,No,20,3,11,10+ yr,0,0,0,Promoted <=1yr,1,1,1,1,1,2,3,No,0.4362,Moderate
2271,37,Male,Divorced,Research & Development,Manager,Life Sciences,4,3,6499,6K-10K,17,1,Travel_Rarely,6,Yes,14,2,6,4-6 yr,0,2,0,Not Recently Promoted,1,1,2,3,3,3,4,No,0.8344,Critical
2272,24,Male,Married,Sales,Sales Executive,Marketing,2,1,2619,<3K (Low),12,3,Travel_Rarely,3,Yes,2,1,2,2-3 yr,0,2,2,Not Recently Promoted,1,2,2,3,2,3,3,No,0.7067,High
2273,32,Male,Single,Research & Development,Manufacturing Director,Life Sciences,5,2,3804,3K-6K,11,0,Travel_Rarely,6,Yes,11,3,0,0-1 yr,0,0,0,Promoted <=1yr,3,4,3,2,2,2,3,Yes,0.7088,High
2274,38,Male,Single,Sales,Manager,Marketing,4,3,7026,6K-10K,19,1,Travel_Rarely,8,No,15,1,4,4-6 yr,2,2,0,Not Recently Promoted,4,2,3,1,2,3,3,No,0.5398,High
2275,36,Male,Single,Research & Development,Manufacturing Director,Life Sciences,3,3,9237,6K-10K,11,3,Travel_Rarely,12,No,12,2,8,7-10 yr,2,2,1,Not Recently Promoted,2,2,3,3,1,4,3,No,0.3642,Moderate
2276,34,Male,Divorced,Human Resources,Human Resources,Other,1,3,9014,6K-10K,11,3,Travel_Rarely,1,No,12,1,2,2-3 yr,0,2,1,Not Recently Promoted,3,2,3,4,4,2,3,No,0.5169,High
2277,26,Male,Married,Research & Development,Manager,Technical Degree,3,1,3366,3K-6K,20,1,Travel_Rarely,7,No,2,1,2,2-3 yr,2,0,0,Promoted <=1yr,2,3,4,2,2,4,3,No,0.367,Moderate
2278,49,Male,Married,Research & Development,Manufacturing Director,Technical Degree,3,5,9222,6K-10K,15,1,Travel_Frequently,6,Yes,29,5,0,0-1 yr,0,0,0,Promoted <=1yr,3,1,4,4,3,3,3,Yes,0.7558,Critical
2279,36,Male,Single,Research & Development,Research Scientist,Technical Degree,4,3,7026,6K-10K,11,0,Travel_Frequently,2,Yes,14,2,11,10+ yr,0,0,5,Promoted <=1yr,3,4,2,2,4,2,4,No,0.5671,High
2280,34,Male,Married,Research & Development,Healthcare Representative,Life Sciences,4,2,3863,3K-6K,11,0,Travel_Frequently,6,No,11,4,8,7-10 yr,4,0,1,Promoted <=1yr,3,1,3,4,4,2,4,No,0.5436,High
2281,38,Male,Married,Research & Development,Manufacturing Director,Medical,3,3,7193,6K-10K,17,1,Travel_Rarely,16,Yes,16,4,10,7-10 yr,2,4,2,Not Recently Promoted,1,4,1,4,2,1,3,Yes,0.696,High
2282,51,Male,Single,Sales,Sales Executive,Life Sciences,4,5,17681,15K+ (High),11,1,Non-Travel,12,No,29,3,4,4-6 yr,4,4,4,Not Recently Promoted,5,1,2,1,4,2,3,No,0.5746,High
2283,26,Female,Married,Research & Development,Laboratory Technician,Medical,3,1,3044,3K-6K,11,1,Travel_Frequently,19,No,3,1,3,2-3 yr,0,0,3,Promoted <=1yr,3,2,4,2,4,3,3,No,0.4162,Moderate
2284,18,Male,Single,Sales,Sales Executive,Life Sciences,4,2,4290,3K-6K,14,1,Travel_Frequently,6,No,0,1,0,0-1 yr,0,0,0,Promoted <=1yr,3,1,3,3,3,4,3,No,0.7569,Critical
2285,31,Male,Single,Human Resources,Manager,Other,3,2,5156,3K-6K,18,1,Travel_Frequently,29,No,9,2,0,0-1 yr,0,0,0,Promoted <=1yr,1,1,1,3,4,3,4,No,0.8332,Critical
2286,26,Male,Single,Research & Development,Research Scientist,Other,3,1,2681,<3K (Low),14,0,Travel_Rarely,7,No,4,2,0,0-1 yr,0,0,0,Promoted <=1yr,3,4,4,1,2,4,3,No,0.3709,Moderate
2287,42,Female,Married,Research & Development,Manager,Life Sciences,3,4,12168,10K-15K,18,1,Travel_Rarely,18,No,21,5,8,7-10 yr,0,1,0,Promoted <=1yr,6,3,3,1,3,4,3,No,0.4954,Moderate
2288,34,Male,Single,Sales,Sales Representative,Life Sciences,3,3,9698,6K-10K,12,1,Travel_Rarely,1,No,13,2,0,0-1 yr,0,0,0,Promoted <=1yr,2,2,3,3,3,3,3,No,0.4213,Moderate
2289,41,Male,Divorced,Sales,Manager,Other,2,3,8104,6K-10K,18,0,Travel_Rarely,1,No,16,3,4,4-6 yr,2,0,1,Promoted <=1yr,6,1,4,4,3,2,3,No,0.5292,High
2290,49,Male,Married,Research & Development,Research Director,Life Sciences,2,5,15543,15K+ (High),19,1,Travel_Rarely,12,No,28,3,3,2-3 yr,3,2,0,Not Recently Promoted,1,2,2,1,4,2,3,No,0.311,Moderate
2291,55,Male,Married,Research & Development,Manager,Life Sciences,4,5,14191,10K-15K,17,2,Non-Travel,7,Yes,32,2,2,2-3 yr,2,2,0,Not Recently Promoted,2,3,4,4,4,4,3,No,0.4333,Moderate
2292,38,Male,Married,Research & Development,Laboratory Technician,Medical,4,3,7564,6K-10K,15,0,Travel_Rarely,15,Yes,11,3,8,7-10 yr,1,3,0,Not Recently Promoted,5,4,4,3,1,4,3,No,0.3161,Moderate
2293,37,Male,Divorced,Sales,Sales Executive,Other,2,3,9100,6K-10K,18,1,Travel_Rarely,6,No,16,0,0,0-1 yr,0,0,0,Promoted <=1yr,5,1,4,3,3,2,3,No,0.6149,High
2294,28,Male,Divorced,Research & Development,Research Scientist,Other,3,2,4402,3K-6K,15,1,Non-Travel,3,No,7,4,4,4-6 yr,3,1,0,Promoted <=1yr,3,4,3,3,3,3,3,No,0.3623,Moderate
2295,39,Male,Single,Research & Development,Laboratory Technician,Technical Degree,2,4,9603,6K-10K,15,2,Travel_Rarely,14,No,18,2,8,7-10 yr,0,0,0,Promoted <=1yr,4,3,4,2,2,3,3,No,0.274,Moderate
2296,47,Female,Divorced,Sales,Sales Executive,Marketing,3,5,20000,15K+ (High),11,1,Travel_Frequently,1,No,26,2,3,2-3 yr,3,0,0,Promoted <=1yr,4,3,2,3,1,4,3,No,0.1521,Low
2297,23,Female,Married,Research & Development,Healthcare Representative,Other,2,1,3158,3K-6K,14,0,Travel_Rarely,2,No,2,1,0,0-1 yr,0,0,0,Promoted <=1yr,1,3,3,4,4,4,3,No,0.3016,Moderate
2298,46,Male,Married,Research & Development,Healthcare Representative,Other,3,4,10175,10K-15K,18,0,Travel_Rarely,11,No,23,2,2,2-3 yr,0,1,2,Promoted <=1yr,2,4,4,4,3,3,3,No,0.1855,Low
2299,37,Male,Married,Research & Development,Laboratory Technician,Life Sciences,2,3,7193,6K-10K,11,0,Travel_Rarely,1,No,13,1,13,10+ yr,1,0,2,Promoted <=1yr,1,4,4,4,4,2,3,No,0.085,Low
2300,42,Male,Single,Research & Development,Manager,Medical,4,5,17957,15K+ (High),11,1,Travel_Rarely,1,No,19,3,2,2-3 yr,0,2,2,Not Recently Promoted,5,4,3,1,3,4,3,No,0.3023,Moderate
2301,56,Male,Married,Sales,Manager,Other,3,5,17601,15K+ (High),19,0,Travel_Rarely,9,Yes,34,3,5,4-6 yr,5,2,2,Not Recently Promoted,1,3,4,4,4,3,3,No,0.2141,Low
2302,29,Female,Divorced,Sales,Manager,Marketing,4,3,7288,6K-10K,11,2,Travel_Rarely,17,Yes,6,2,5,4-6 yr,3,2,2,Not Recently Promoted,3,3,4,4,1,1,3,No,0.6555,High
2303,37,Male,Married,Research & Development,Manufacturing Director,Other,2,3,6789,6K-10K,21,1,Travel_Rarely,1,Yes,16,1,7,7-10 yr,3,0,3,Promoted <=1yr,2,3,3,2,3,3,3,No,0.4397,Moderate
2304,45,Female,Married,Research & Development,Manager,Technical Degree,2,5,12872,10K-15K,16,0,Travel_Rarely,5,No,24,0,5,4-6 yr,5,0,0,Promoted <=1yr,3,3,3,2,3,3,3,No,0.2698,Moderate
2305,30,Female,Single,Research & Development,Research Director,Life Sciences,3,2,4083,3K-6K,13,1,Travel_Rarely,24,No,6,2,5,4-6 yr,4,0,1,Promoted <=1yr,6,4,3,2,4,3,4,Yes,0.5099,High
2306,33,Female,Single,Sales,Manager,Marketing,3,2,4515,3K-6K,11,1,Travel_Rarely,4,Yes,10,5,2,2-3 yr,2,0,1,Promoted <=1yr,1,1,3,4,2,3,3,No,0.7077,High
2307,38,Male,Married,Sales,Sales Executive,Marketing,2,3,8375,6K-10K,11,1,Travel_Frequently,4,No,16,5,12,10+ yr,1,0,0,Promoted <=1yr,3,4,2,1,3,4,3,No,0.303,Moderate
2308,32,Female,Married,Research & Development,Manufacturing Director,Technical Degree,4,2,4855,3K-6K,18,0,Travel_Frequently,11,No,11,2,11,10+ yr,6,2,0,Not Recently Promoted,5,3,2,4,2,4,4,No,0.4722,Moderate
2309,54,Female,Married,Research & Development,Manager,Life Sciences,4,5,13583,10K-15K,11,0,Travel_Rarely,1,Yes,31,3,0,0-1 yr,0,0,0,Promoted <=1yr,2,4,4,1,3,3,4,No,0.3019,Moderate
2310,47,Male,Married,Research & Development,Manager,Technical Degree,4,5,16152,15K+ (High),14,1,Travel_Rarely,9,No,26,1,1,0-1 yr,1,1,1,Promoted <=1yr,5,3,4,4,4,4,3,No,0.2926,Moderate
2311,44,Male,Single,Research & Development,Manufacturing Director,Technical Degree,4,4,9886,6K-10K,17,1,Non-Travel,5,No,23,5,3,2-3 yr,3,0,1,Promoted <=1yr,3,3,2,4,4,3,3,No,0.4807,Moderate
2312,39,Male,Married,Research & Development,Healthcare Representative,Other,2,3,7032,6K-10K,19,0,Travel_Frequently,29,No,17,7,10,7-10 yr,3,6,0,Not Recently Promoted,4,3,3,1,2,2,3,Yes,0.7485,High
2313,29,Female,Divorced,Research & Development,Healthcare Representative,Other,3,2,4879,3K-6K,15,0,Non-Travel,11,No,7,0,1,0-1 yr,1,1,1,Promoted <=1yr,6,3,2,1,4,3,3,Yes,0.6018,High
2314,32,Male,Married,Research & Development,Laboratory Technician,Life Sciences,4,3,4170,3K-6K,15,1,Travel_Rarely,15,No,7,4,7,7-10 yr,5,0,0,Promoted <=1yr,2,3,4,3,1,2,4,No,0.2923,Moderate
2315,28,Female,Married,Research & Development,Laboratory Technician,Other,1,1,3743,3K-6K,20,1,Travel_Rarely,14,No,4,1,4,4-6 yr,0,0,1,Promoted <=1yr,6,1,2,4,2,4,3,No,0.3955,Moderate
2316,32,Male,Married,Sales,Sales Executive,Life Sciences,3,2,4787,3K-6K,15,1,Travel_Rarely,8,Yes,10,1,0,0-1 yr,0,0,0,Promoted <=1yr,1,2,1,2,3,1,3,No,0.8003,Critical
2317,29,Female,Single,Research & Development,Laboratory Technician,Technical Degree,3,2,3807,3K-6K,19,2,Travel_Rarely,1,No,6,7,6,4-6 yr,3,2,1,Not Recently Promoted,3,4,2,4,2,3,3,No,0.4088,Moderate
2318,35,Male,Married,Research & Development,Research Director,Life Sciences,2,3,7806,6K-10K,12,0,Travel_Frequently,6,Yes,13,1,0,0-1 yr,0,0,0,Promoted <=1yr,0,2,1,2,3,1,3,Yes,0.7635,Critical
2319,22,Female,Divorced,Human Resources,Human Resources,Human Resources,1,1,3411,3K-6K,16,1,Travel_Rarely,20,Yes,0,6,0,0-1 yr,0,0,0,Promoted <=1yr,2,2,1,3,2,3,3,Yes,0.9217,Critical
2320,33,Female,Single,Research & Development,Laboratory Technician,Life Sciences,3,2,4667,3K-6K,11,0,Non-Travel,8,No,10,3,5,4-6 yr,2,0,0,Promoted <=1yr,4,4,4,3,2,3,3,No,0.3036,Moderate
2321,31,Female,Married,Human Resources,Human Resources,Human Resources,3,2,4719,3K-6K,14,2,Travel_Frequently,2,No,8,2,5,4-6 yr,2,0,0,Promoted <=1yr,6,3,4,4,4,3,3,No,0.4599,Moderate
2322,47,Female,Married,Research & Development,Laboratory Technician,Technical Degree,3,5,15094,15K+ (High),11,0,Travel_Frequently,2,No,24,3,0,0-1 yr,0,0,0,Promoted <=1yr,2,3,4,1,2,3,3,No,0.1646,Low
2323,21,Male,Single,Research & Development,Healthcare Representative,Life Sciences,3,1,2666,<3K (Low),14,0,Travel_Rarely,20,No,0,1,0,0-1 yr,0,0,0,Promoted <=1yr,2,4,3,4,2,3,3,Yes,0.5153,High
2324,23,Male,Married,Human Resources,Human Resources,Human Resources,2,1,2877,<3K (Low),16,1,Travel_Rarely,2,No,2,6,2,2-3 yr,2,0,2,Promoted <=1yr,4,3,1,4,2,3,4,No,0.5223,High
2325,18,Female,Married,Sales,Manager,Marketing,3,1,3224,3K-6K,20,0,Travel_Frequently,3,No,0,3,0,0-1 yr,0,0,0,Promoted <=1yr,1,4,4,1,1,1,4,No,0.407,Moderate
2326,47,Female,Divorced,Sales,Sales Executive,Life Sciences,3,5,14017,10K-15K,12,2,Travel_Rarely,1,No,25,4,6,4-6 yr,4,3,0,Not Recently Promoted,1,3,1,3,4,4,3,No,0.2592,Moderate
2327,34,Male,Single,Sales,Sales Executive,Marketing,4,3,7747,6K-10K,18,0,Travel_Rarely,6,Yes,12,3,3,2-3 yr,0,0,2,Promoted <=1yr,1,3,3,3,1,2,3,No,0.6748,High
2328,27,Male,Married,Sales,Sales Executive,Other,3,1,2754,<3K (Low),15,0,Travel_Rarely,5,No,3,4,0,0-1 yr,0,0,0,Promoted <=1yr,6,3,2,2,3,2,3,No,0.649,High
2329,26,Male,Married,Research & Development,Laboratory Technician,Other,3,1,3099,3K-6K,13,0,Travel_Rarely,5,No,5,0,1,0-1 yr,1,1,0,Promoted <=1yr,5,4,1,3,3,4,4,Yes,0.2352,Low
2330,29,Female,Married,Research & Development,Research Director,Life Sciences,3,2,5615,3K-6K,11,0,Travel_Frequently,1,No,7,3,7,7-10 yr,6,0,0,Promoted <=1yr,0,3,2,2,2,3,3,No,0.3165,Moderate
2331,39,Male,Married,Research & Development,Research Director,Medical,3,4,10635,10K-15K,16,0,Travel_Rarely,19,Yes,18,1,7,7-10 yr,0,3,4,Not Recently Promoted,3,3,3,4,4,2,3,No,0.5241,High
2332,50,Male,Divorced,Sales,Sales Executive,Life Sciences,1,5,18612,15K+ (High),17,2,Travel_Rarely,9,Yes,26,2,4,4-6 yr,3,2,4,Not Recently Promoted,3,3,3,3,4,3,4,No,0.3879,Moderate
2333,25,Male,Single,Research & Development,Laboratory Technician,Other,3,1,3198,3K-6K,11,2,Travel_Frequently,23,No,2,1,1,0-1 yr,1,0,1,Promoted <=1yr,3,2,3,3,4,3,3,No,0.6302,High
2334,31,Female,Single,Research & Development,Manufacturing Director,Other,3,2,5580,3K-6K,20,2,Travel_Rarely,5,No,11,0,2,2-3 yr,2,0,2,Promoted <=1yr,2,4,1,4,2,3,3,No,0.3518,Moderate
2335,33,Female,Divorced,Sales,Sales Executive,Marketing,4,4,11151,10K-15K,11,2,Travel_Rarely,15,Yes,13,2,4,4-6 yr,0,2,2,Not Recently Promoted,4,4,3,2,3,2,3,No,0.6161,High
2336,34,Male,Married,Research & Development,Healthcare Representative,Medical,3,3,6963,6K-10K,17,1,Travel_Rarely,6,No,12,1,3,2-3 yr,3,0,1,Promoted <=1yr,4,3,2,3,2,3,3,No,0.3254,Moderate
2337,35,Male,Married,Research & Development,Manager,Life Sciences,5,4,8348,6K-10K,18,0,Non-Travel,9,Yes,13,3,13,10+ yr,0,1,10,Promoted <=1yr,1,1,3,4,3,2,3,Yes,0.6507,High
2338,40,Male,Divorced,Research & Development,Research Scientist,Medical,2,4,7808,6K-10K,13,2,Travel_Rarely,1,No,20,7,3,2-3 yr,0,1,0,Promoted <=1yr,2,1,3,3,2,2,3,Yes,0.6222,High
2339,41,Female,Single,Research & Development,Healthcare Representative,Other,4,4,12433,10K-15K,14,0,Travel_Rarely,2,Yes,19,3,1,0-1 yr,1,0,0,Promoted <=1yr,1,1,3,3,3,2,3,No,0.7056,High
2340,31,Male,Married,Sales,Sales Executive,Marketing,3,2,4269,3K-6K,18,2,Travel_Rarely,8,No,8,7,8,7-10 yr,3,3,0,Not Recently Promoted,5,3,4,1,3,3,3,No,0.5223,High
2341,49,Female,Married,Research & Development,Manager,Other,2,5,18488,15K+ (High),11,1,Travel_Rarely,6,No,27,0,4,4-6 yr,4,0,4,Promoted <=1yr,1,4,2,4,3,3,4,No,0.0981,Low
2342,30,Female,Married,Research & Development,Manufacturing Director,Technical Degree,3,2,4932,3K-6K,19,1,Travel_Rarely,27,No,8,2,7,7-10 yr,2,2,0,Not Recently Promoted,2,1,2,3,3,2,3,No,0.7637,Critical
2343,32,Male,Married,Human Resources,Manager,Other,4,4,11632,10K-15K,12,0,Travel_Rarely,1,No,12,2,3,2-3 yr,2,0,0,Promoted <=1yr,6,4,2,4,3,2,3,Yes,0.3318,Moderate
2344,33,Male,Married,Research & Development,Research Scientist,Other,4,2,3909,3K-6K,17,2,Travel_Rarely,13,No,11,3,0,0-1 yr,0,0,0,Promoted <=1yr,2,3,3,4,4,1,3,Yes,0.5382,High
2345,38,Female,Married,Research & Development,Manager,Other,2,3,5643,3K-6K,12,1,Travel_Rarely,4,Yes,17,1,1,0-1 yr,1,1,1,Promoted <=1yr,0,2,3,3,3,2,3,No,0.7018,High
2346,27,Female,Married,Sales,Sales Executive,Other,4,1,3296,3K-6K,17,0,Travel_Rarely,5,Yes,3,2,0,0-1 yr,0,0,0,Promoted <=1yr,3,4,2,4,2,3,3,No,0.5531,High
2347,34,Female,Single,Research & Development,Manager,Life Sciences,3,3,7707,6K-10K,17,2,Travel_Rarely,6,Yes,13,2,0,0-1 yr,0,0,0,Promoted <=1yr,3,2,3,4,4,3,3,No,0.837,Critical
2348,34,Female,Married,Research & Development,Research Scientist,Other,3,3,9118,6K-10K,11,1,Travel_Rarely,1,Yes,12,1,5,4-6 yr,0,0,5,Promoted <=1yr,1,1,3,1,3,3,3,Yes,0.4436,Moderate
2349,45,Female,Married,Research & Development,Manager,Other,2,4,11001,10K-15K,15,2,Travel_Rarely,4,Yes,23,2,0,0-1 yr,0,0,0,Promoted <=1yr,2,4,3,2,3,3,3,Yes,0.5119,High
2350,42,Male,Divorced,Sales,Sales Executive,Life Sciences,2,4,14579,10K-15K,19,1,Travel_Rarely,1,No,21,3,0,0-1 yr,0,0,0,Promoted <=1yr,4,4,4,1,4,4,3,No,0.2501,Moderate
2351,23,Female,Single,Sales,Manager,Marketing,2,1,1921,<3K (Low),11,1,Travel_Rarely,4,No,1,4,0,0-1 yr,0,0,0,Promoted <=1yr,3,1,4,1,2,3,4,Yes,0.6114,High
2352,22,Male,Divorced,Sales,Manager,Life Sciences,3,1,2907,<3K (Low),12,0,Travel_Rarely,1,No,1,3,1,0-1 yr,1,1,0,Promoted <=1yr,3,4,3,1,3,3,4,No,0.4315,Moderate
2353,48,Male,Single,Research & Development,Research Scientist,Other,2,5,19777,15K+ (High),18,2,Travel_Rarely,2,No,27,2,0,0-1 yr,0,0,0,Promoted <=1yr,2,4,3,3,2,4,3,No,0.1224,Low
2354,28,Female,Married,Research & Development,Laboratory Technician,Medical,3,2,3572,3K-6K,16,0,Travel_Rarely,1,No,6,2,6,4-6 yr,2,1,4,Promoted <=1yr,0,4,4,1,3,2,4,No,0.1384,Low
2355,46,Male,Divorced,Research & Development,Research Scientist,Other,2,5,17160,15K+ (High),15,2,Travel_Rarely,29,No,24,1,2,2-3 yr,2,1,1,Promoted <=1yr,3,2,4,4,3,3,4,No,0.3302,Moderate
2356,49,Male,Married,Sales,Sales Representative,Marketing,1,5,16422,15K+ (High),21,1,Travel_Rarely,21,No,26,0,7,7-10 yr,5,0,1,Promoted <=1yr,3,2,4,1,3,2,3,No,0.2786,Moderate
2357,39,Female,Single,Research & Development,Laboratory Technician,Life Sciences,3,3,6681,6K-10K,16,2,Travel_Rarely,1,No,16,2,6,4-6 yr,1,1,2,Promoted <=1yr,4,3,4,2,2,3,3,No,0.2322,Low
2358,35,Female,Single,Research & Development,Research Director,Technical Degree,3,3,8303,6K-10K,11,1,Travel_Rarely,1,No,15,4,2,2-3 yr,0,1,2,Promoted <=1yr,4,3,1,2,3,3,3,No,0.4689,Moderate
2359,37,Male,Divorced,Research & Development,Healthcare Representative,Life Sciences,1,3,7066,6K-10K,16,0,Travel_Frequently,8,No,17,5,1,0-1 yr,1,0,1,Promoted <=1yr,3,3,4,4,3,2,3,Yes,0.5176,High
2360,43,Male,Married,Research & Development,Research Scientist,Other,1,4,11377,10K-15K,11,3,Travel_Frequently,10,No,21,3,8,7-10 yr,1,8,3,Not Recently Promoted,5,1,3,3,1,3,3,No,0.4793,Moderate
2361,43,Female,Single,Research & Development,Manager,Life Sciences,4,5,20000,15K+ (High),11,1,Travel_Frequently,4,No,21,3,0,0-1 yr,0,0,0,Promoted <=1yr,2,3,3,3,3,4,3,No,0.3111,Moderate
2362,27,Female,Married,Human Resources,Manager,Human Resources,2,2,5113,3K-6K,16,1,Travel_Rarely,4,No,6,6,5,4-6 yr,0,2,2,Not Recently Promoted,2,4,4,4,3,2,4,No,0.3642,Moderate
2363,27,Female,Divorced,Research & Development,Research Scientist,Life Sciences,3,1,3128,3K-6K,14,0,Travel_Rarely,1,No,4,4,4,4-6 yr,0,0,4,Promoted <=1yr,1,4,1,3,4,2,3,Yes,0.3682,Moderate
2364,42,Male,Divorced,Research & Development,Research Scientist,Medical,3,4,14183,10K-15K,11,0,Travel_Rarely,7,Yes,21,0,0,0-1 yr,0,0,0,Promoted <=1yr,5,4,4,4,4,3,3,No,0.3475,Moderate
2365,30,Male,Single,Research & Development,Manufacturing Director,Life Sciences,4,3,6891,6K-10K,18,0,Travel_Rarely,29,No,9,4,0,0-1 yr,0,0,0,Promoted <=1yr,4,4,3,2,2,3,3,No,0.6694,High
2366,44,Female,Single,Sales,Sales Representative,Life Sciences,4,4,8518,6K-10K,14,2,Travel_Rarely,1,Yes,21,0,5,4-6 yr,0,2,1,Not Recently Promoted,3,2,3,1,3,4,3,No,0.572,High
2367,54,Female,Divorced,Sales,Sales Executive,Other,5,5,11108,10K-15K,12,3,Travel_Frequently,15,Yes,33,4,3,2-3 yr,1,3,0,Not Recently Promoted,3,1,1,3,1,3,3,Yes,0.8191,Critical
2368,41,Male,Single,Research & Development,Research Scientist,Life Sciences,4,4,8013,6K-10K,11,0,Travel_Rarely,4,No,16,2,1,0-1 yr,0,1,1,Promoted <=1yr,0,1,4,3,3,2,3,No,0.506,High
2369,30,Male,Married,Research & Development,Laboratory Technician,Other,3,2,3643,3K-6K,12,0,Travel_Rarely,4,No,6,2,2,2-3 yr,0,0,2,Promoted <=1yr,3,4,4,2,2,3,3,No,0.1503,Low
2370,35,Male,Divorced,Sales,Sales Representative,Life Sciences,2,3,9457,6K-10K,14,0,Non-Travel,6,No,12,1,9,7-10 yr,0,3,0,Not Recently Promoted,1,4,1,2,3,2,3,No,0.4073,Moderate
2371,41,Female,Married,Sales,Manager,Other,2,4,12933,10K-15K,12,0,Travel_Rarely,21,No,18,2,7,7-10 yr,0,2,0,Not Recently Promoted,1,3,3,2,2,3,3,No,0.2627,Moderate
2372,47,Female,Single,Sales,Sales Executive,Life Sciences,4,5,16699,15K+ (High),12,0,Travel_Rarely,4,Yes,26,4,1,0-1 yr,1,0,1,Promoted <=1yr,0,1,3,1,3,3,3,Yes,0.598,High
2373,23,Female,Divorced,Research & Development,Manager,Other,3,1,4041,3K-6K,13,0,Travel_Frequently,9,Yes,1,0,1,0-1 yr,1,1,1,Promoted <=1yr,4,2,2,3,3,3,3,Yes,0.9046,Critical
2374,23,Female,Married,Sales,Manager,Other,2,1,2946,<3K (Low),18,1,Travel_Rarely,1,No,1,1,1,0-1 yr,1,1,1,Promoted <=1yr,6,1,4,1,2,3,3,No,0.5695,High
2375,29,Female,Single,Research & Development,Research Scientist,Medical,3,1,2978,<3K (Low),16,0,Travel_Rarely,1,No,5,1,0,0-1 yr,0,0,0,Promoted <=1yr,2,4,2,3,3,3,3,No,0.3809,Moderate
2376,35,Male,Married,Research & Development,Manager,Other,3,2,5013,3K-6K,19,1,Travel_Rarely,29,No,11,3,11,10+ yr,1,4,2,Not Recently Promoted,3,2,1,1,1,3,3,Yes,0.7374,High
2377,31,Male,Married,Human Resources,Manager,Human Resources,2,2,3464,3K-6K,16,0,Travel_Rarely,9,No,11,2,3,2-3 yr,1,0,3,Promoted <=1yr,4,1,4,2,3,3,3,No,0.4971,Moderate
2378,49,Female,Single,Research & Development,Manager,Medical,1,5,20000,15K+ (High),15,0,Travel_Rarely,18,No,27,1,5,4-6 yr,0,3,3,Not Recently Promoted,2,3,3,3,3,4,3,No,0.2785,Moderate
2379,47,Male,Single,Research & Development,Manufacturing Director,Life Sciences,3,5,19786,15K+ (High),12,0,Travel_Rarely,5,Yes,24,4,0,0-1 yr,0,0,0,Promoted <=1yr,0,2,1,4,2,2,3,Yes,0.6392,High
2380,24,Male,Married,Research & Development,Healthcare Representative,Technical Degree,4,2,2960,<3K (Low),17,1,Non-Travel,1,Yes,3,2,0,0-1 yr,0,0,0,Promoted <=1yr,1,1,3,3,4,2,3,No,0.8272,Critical
2381,38,Male,Married,Research & Development,Manufacturing Director,Other,3,3,8065,6K-10K,19,1,Travel_Rarely,3,No,15,4,2,2-3 yr,1,0,2,Promoted <=1yr,6,1,1,1,3,3,3,No,0.6908,High
2382,25,Female,Married,Sales,Sales Executive,Marketing,4,1,2753,<3K (Low),13,0,Travel_Rarely,2,No,2,3,2,2-3 yr,0,0,2,Promoted <=1yr,2,4,1,4,3,2,3,No,0.4425,Moderate
2383,50,Female,Married,Research & Development,Healthcare Representative,Medical,4,5,16633,15K+ (High),14,3,Travel_Frequently,5,No,30,2,3,2-3 yr,0,0,3,Promoted <=1yr,2,4,2,1,2,3,3,No,0.1292,Low
2384,39,Female,Married,Sales,Sales Executive,Other,4,3,8750,6K-10K,11,0,Travel_Rarely,4,Yes,17,2,14,10+ yr,7,2,1,Not Recently Promoted,3,4,2,3,2,3,3,No,0.2393,Low
2385,25,Female,Single,Research & Development,Research Director,Technical Degree,3,1,3392,3K-6K,13,2,Travel_Rarely,1,No,4,2,4,4-6 yr,2,0,2,Promoted <=1yr,6,4,2,1,4,4,3,No,0.4196,Moderate
2386,29,Female,Single,Research & Development,Research Scientist,Other,3,2,2979,<3K (Low),20,2,Non-Travel,29,Yes,8,3,8,7-10 yr,0,2,2,Not Recently Promoted,6,4,2,1,2,3,3,Yes,0.8214,Critical
2387,33,Female,Married,Research & Development,Laboratory Technician,Other,3,3,7104,6K-10K,16,1,Travel_Rarely,2,No,12,4,1,0-1 yr,1,1,1,Promoted <=1yr,2,2,4,1,3,3,3,No,0.3059,Moderate
2388,41,Male,Divorced,Sales,Sales Representative,Other,1,4,10816,10K-15K,16,1,Travel_Frequently,10,No,21,2,14,10+ yr,3,3,6,Not Recently Promoted,0,3,3,3,3,2,3,No,0.3409,Moderate
2389,32,Male,Married,Research & Development,Research Director,Other,3,2,4259,3K-6K,12,0,Non-Travel,8,No,10,3,0,0-1 yr,0,0,0,Promoted <=1yr,3,2,3,2,3,3,3,No,0.493,Moderate
2390,43,Male,Married,Research & Development,Laboratory Technician,Other,3,4,13607,10K-15K,11,2,Travel_Rarely,4,No,20,4,2,2-3 yr,0,2,2,Not Recently Promoted,2,3,2,2,3,3,3,No,0.1473,Low
2391,32,Female,Single,Research & Development,Healthcare Representative,Life Sciences,3,2,4985,3K-6K,14,2,Travel_Rarely,9,No,10,1,5,4-6 yr,4,1,3,Promoted <=1yr,3,4,2,2,4,2,4,No,0.3854,Moderate
2392,55,Male,Divorced,Research & Development,Research Director,Medical,4,5,20000,15K+ (High),17,0,Travel_Rarely,3,No,34,5,1,0-1 yr,1,1,1,Promoted <=1yr,1,1,4,4,3,2,3,No,0.2204,Low
2393,60,Male,Divorced,Research & Development,Manager,Medical,1,5,20000,15K+ (High),12,0,Travel_Rarely,7,No,39,3,2,2-3 yr,2,2,1,Not Recently Promoted,6,1,1,2,3,3,3,No,0.5209,High
2394,38,Female,Single,Sales,Sales Representative,Life Sciences,3,3,7967,6K-10K,11,0,Non-Travel,14,No,16,2,3,2-3 yr,2,0,2,Promoted <=1yr,4,3,4,1,4,3,3,No,0.4413,Moderate
2395,38,Male,Married,Sales,Sales Representative,Life Sciences,3,4,13191,10K-15K,19,2,Travel_Frequently,5,No,18,2,12,10+ yr,3,5,2,Not Recently Promoted,2,3,1,1,3,3,3,No,0.3589,Moderate
2396,36,Male,Single,Research & Development,Research Director,Other,2,3,8553,6K-10K,19,0,Travel_Rarely,1,No,12,3,4,4-6 yr,0,1,4,Promoted <=1yr,1,4,2,2,3,3,4,No,0.2685,Moderate
2397,23,Male,Single,Sales,Sales Representative,Life Sciences,3,1,3173,3K-6K,11,2,Travel_Rarely,8,No,0,6,0,0-1 yr,0,0,0,Promoted <=1yr,3,2,2,2,1,3,4,No,0.6969,High
2398,39,Male,Married,Research & Development,Manufacturing Director,Other,3,3,6821,6K-10K,16,0,Travel_Rarely,6,Yes,17,3,6,4-6 yr,0,1,4,Promoted <=1yr,6,3,1,2,3,3,3,Yes,0.6608,High
2399,35,Male,Single,Research & Development,Healthcare Representative,Medical,5,3,4507,3K-6K,15,0,Travel_Rarely,1,No,10,2,4,4-6 yr,0,0,0,Promoted <=1yr,1,4,4,3,2,1,3,Yes,0.4548,Moderate
2400,36,Male,Single,Research & Development,Healthcare Representative,Other,5,4,14671,10K-15K,21,0,Travel_Frequently,1,No,13,5,7,7-10 yr,4,0,4,Promoted <=1yr,5,1,3,2,4,3,3,Yes,0.6109,High
2401,46,Male,Divorced,Sales,Manager,Other,3,5,16654,15K+ (High),11,0,Travel_Rarely,7,No,25,2,4,4-6 yr,4,2,0,Not Recently Promoted,2,3,1,1,1,2,3,Yes,0.2947,Moderate
2402,37,Female,Married,Sales,Sales Executive,Life Sciences,3,3,6786,6K-10K,13,1,Travel_Rarely,1,No,16,4,3,2-3 yr,2,3,0,Not Recently Promoted,3,2,2,1,2,3,3,No,0.4523,Moderate
2403,30,Male,Single,Research & Development,Manager,Life Sciences,3,2,5940,3K-6K,13,1,Non-Travel,7,Yes,9,0,2,2-3 yr,2,0,0,Promoted <=1yr,2,4,3,3,3,1,3,Yes,0.7944,Critical
2404,18,Male,Married,Sales,Sales Executive,Marketing,3,1,3152,3K-6K,11,2,Travel_Rarely,1,No,0,5,0,0-1 yr,0,0,0,Promoted <=1yr,1,4,4,2,3,4,3,No,0.2746,Moderate
2405,46,Male,Single,Research & Development,Laboratory Technician,Other,3,5,18483,15K+ (High),19,3,Travel_Rarely,10,No,24,5,7,7-10 yr,0,1,1,Promoted <=1yr,4,2,4,1,1,2,3,No,0.2947,Moderate
2406,37,Male,Divorced,Research & Development,Research Director,Medical,4,3,9047,6K-10K,11,1,Non-Travel,5,No,15,1,8,7-10 yr,0,1,2,Promoted <=1yr,4,4,4,1,3,3,3,No,0.2431,Low
2407,31,Male,Married,Research & Development,Research Director,Medical,3,2,3599,3K-6K,11,1,Non-Travel,26,No,8,2,8,7-10 yr,4,0,3,Promoted <=1yr,2,3,4,1,4,4,4,Yes,0.2634,Moderate
2408,59,Male,Single,Research & Development,Manufacturing Director,Life Sciences,4,5,17921,15K+ (High),15,1,Travel_Rarely,12,Yes,37,2,5,4-6 yr,1,0,5,Promoted <=1yr,1,4,3,1,2,2,3,No,0.281,Moderate
2409,37,Male,Divorced,Sales,Sales Representative,Marketing,2,3,9290,6K-10K,15,0,Travel_Rarely,4,No,14,3,14,10+ yr,0,1,1,Promoted <=1yr,6,2,2,2,3,2,4,No,0.5439,High
2410,45,Female,Single,Research & Development,Manager,Life Sciences,4,5,14735,10K-15K,11,1,Non-Travel,9,No,21,5,3,2-3 yr,0,0,0,Promoted <=1yr,1,1,1,3,1,4,3,Yes,0.6016,High
2411,40,Female,Single,Research & Development,Manager,Other,5,3,7094,6K-10K,13,1,Travel_Frequently,1,No,15,0,0,0-1 yr,0,0,0,Promoted <=1yr,2,4,3,2,4,3,3,No,0.4317,Moderate
2412,47,Male,Single,Research & Development,Research Director,Technical Degree,3,5,18703,15K+ (High),15,0,Travel_Rarely,4,Yes,26,1,0,0-1 yr,0,0,0,Promoted <=1yr,5,4,3,1,2,2,3,No,0.4105,Moderate
2413,26,Male,Divorced,Research & Development,Research Director,Other,2,1,2265,<3K (Low),11,0,Travel_Rarely,2,Yes,3,0,0,0-1 yr,0,0,0,Promoted <=1yr,1,4,3,3,1,3,3,Yes,0.4983,Moderate
2414,23,Male,Married,Sales,Manager,Marketing,4,2,4331,3K-6K,19,2,Travel_Rarely,3,No,0,4,0,0-1 yr,0,0,0,Promoted <=1yr,2,1,4,4,2,3,3,No,0.4925,Moderate
2415,34,Female,Married,Research & Development,Laboratory Technician,Technical Degree,2,3,8246,6K-10K,17,2,Travel_Rarely,1,No,14,1,6,4-6 yr,0,3,0,Not Recently Promoted,5,2,3,2,3,3,3,No,0.3631,Moderate
2416,35,Female,Single,Sales,Sales Representative,Other,3,3,8859,6K-10K,14,0,Travel_Rarely,7,No,12,0,1,0-1 yr,1,1,1,Promoted <=1yr,2,4,4,3,3,3,3,No,0.213,Low
2417,27,Male,Divorced,Research & Development,Manufacturing Director,Medical,5,2,5300,3K-6K,19,0,Travel_Rarely,14,No,3,3,1,0-1 yr,1,1,1,Promoted <=1yr,1,4,3,3,3,2,3,No,0.5802,High
2418,47,Female,Married,Research & Development,Manufacturing Director,Life Sciences,4,5,20000,15K+ (High),11,2,Travel_Rarely,5,Yes,26,3,2,2-3 yr,2,1,1,Promoted <=1yr,1,3,4,2,2,3,3,Yes,0.1977,Low
2419,49,Male,Single,Research & Development,Manufacturing Director,Other,3,5,16849,15K+ (High),19,0,Travel_Rarely,8,No,28,2,0,0-1 yr,0,0,0,Promoted <=1yr,0,4,3,2,1,2,3,No,0.1932,Low
2420,31,Female,Divorced,Research & Development,Laboratory Technician,Medical,2,2,4391,3K-6K,20,1,Travel_Rarely,15,No,7,1,3,2-3 yr,2,0,2,Promoted <=1yr,3,4,1,3,1,2,3,Yes,0.4317,Moderate
2421,42,Male,Single,Sales,Manager,Marketing,5,4,13896,10K-15K,11,0,Travel_Rarely,13,Yes,19,3,9,7-10 yr,0,4,2,Not Recently Promoted,3,1,2,1,3,2,4,Yes,0.7584,Critical
2422,45,Male,Married,Research & Development,Healthcare Representative,Other,1,5,19220,15K+ (High),14,1,Travel_Rarely,1,Yes,25,3,4,4-6 yr,4,0,1,Promoted <=1yr,1,4,1,1,1,1,3,No,0.2702,Moderate
2423,50,Female,Married,Research & Development,Healthcare Representative,Other,4,5,17443,15K+ (High),11,2,Travel_Rarely,11,Yes,29,2,2,2-3 yr,1,2,2,Not Recently Promoted,3,4,2,4,3,3,3,No,0.2859,Moderate
2424,23,Male,Single,Research & Development,Manufacturing Director,Technical Degree,1,1,2868,<3K (Low),17,0,Travel_Rarely,23,No,1,2,0,0-1 yr,0,0,0,Promoted <=1yr,3,3,1,3,3,4,3,No,0.772,Critical
2425,29,Male,Divorced,Research & Development,Research Director,Medical,4,3,9952,6K-10K,22,1,Travel_Rarely,6,No,8,2,0,0-1 yr,0,0,0,Promoted <=1yr,6,2,1,4,3,3,3,Yes,0.6353,High
2426,37,Male,Married,Research & Development,Healthcare Representative,Technical Degree,3,3,5911,3K-6K,13,1,Travel_Rarely,6,No,13,3,5,4-6 yr,0,3,3,Not Recently Promoted,2,3,3,2,3,3,3,Yes,0.3227,Moderate
2427,33,Male,Single,Research & Development,Laboratory Technician,Medical,3,3,6911,6K-10K,15,0,Travel_Rarely,9,No,12,2,1,0-1 yr,0,1,1,Promoted <=1yr,5,1,2,2,3,3,3,No,0.6419,High
2428,32,Female,Married,Research & Development,Research Scientist,Other,2,2,5137,3K-6K,11,1,Travel_Rarely,21,No,10,2,0,0-1 yr,0,0,0,Promoted <=1yr,2,4,3,2,4,3,3,No,0.3341,Moderate
2429,27,Male,Divorced,Sales,Sales Executive,Other,2,2,5337,3K-6K,11,3,Travel_Rarely,11,Yes,7,2,5,4-6 yr,2,3,2,Not Recently Promoted,1,2,2,3,3,1,4,No,0.8391,Critical
2430,45,Male,Divorced,Human Resources,Manager,Human Resources,1,4,10226,10K-15K,11,0,Travel_Rarely,15,No,23,1,6,4-6 yr,5,2,0,Not Recently Promoted,4,2,1,3,3,4,3,No,0.403,Moderate
2431,36,Female,Single,Research & Development,Research Director,Technical Degree,3,3,7177,6K-10K,11,0,Travel_Rarely,5,Yes,14,1,6,4-6 yr,0,2,6,Not Recently Promoted,4,3,1,4,4,3,4,No,0.5261,High
2432,18,Male,Married,Research & Development,Research Scientist,Medical,3,1,2883,<3K (Low),17,0,Travel_Rarely,2,No,0,0,0,0-1 yr,0,0,0,Promoted <=1yr,3,2,4,3,3,4,3,No,0.4375,Moderate
2433,39,Female,Divorced,Research & Development,Research Scientist,Life Sciences,4,3,6144,6K-10K,15,3,Non-Travel,1,No,16,4,6,4-6 yr,1,2,6,Not Recently Promoted,0,3,1,3,1,3,3,No,0.2762,Moderate
2434,36,Female,Single,Research & Development,Research Director,Medical,5,4,9258,6K-10K,11,1,Travel_Rarely,1,Yes,16,4,0,0-1 yr,0,0,0,Promoted <=1yr,2,2,1,2,3,4,3,No,0.6398,High
2435,57,Male,Married,Research & Development,Research Scientist,Technical Degree,5,5,14159,10K-15K,11,2,Travel_Rarely,8,No,37,4,1,0-1 yr,0,1,0,Promoted <=1yr,2,3,3,2,3,4,3,No,0.1454,Low
2436,26,Female,Married,Research & Development,Manager,Other,3,1,3083,3K-6K,16,0,Travel_Rarely,1,No,4,1,1,0-1 yr,1,1,0,Promoted <=1yr,3,4,1,4,3,3,3,No,0.4628,Moderate
2437,26,Male,Married,Research & Development,Research Scientist,Medical,2,1,2697,<3K (Low),13,0,Travel_Frequently,19,No,5,5,4,4-6 yr,3,2,2,Not Recently Promoted,5,4,3,2,2,2,4,No,0.5758,High
2438,31,Male,Divorced,Research & Development,Healthcare Representative,Technical Degree,4,2,4405,3K-6K,13,0,Travel_Frequently,4,No,9,2,0,0-1 yr,0,0,0,Promoted <=1yr,4,2,2,4,3,3,3,No,0.6482,High
2439,36,Male,Single,Research & Development,Manager,Medical,2,3,5667,3K-6K,11,1,Travel_Rarely,7,Yes,15,3,2,2-3 yr,0,0,2,Promoted <=1yr,4,4,3,3,3,4,3,Yes,0.7108,High
2440,41,Female,Married,Sales,Sales Representative,Marketing,1,4,12227,10K-15K,12,1,Non-Travel,28,No,20,3,2,2-3 yr,0,2,1,Not Recently Promoted,4,3,4,2,3,4,3,No,0.3232,Moderate
2441,41,Female,Married,Research & Development,Laboratory Technician,Technical Degree,3,4,10419,10K-15K,16,0,Travel_Frequently,5,No,19,6,5,4-6 yr,2,0,0,Promoted <=1yr,1,3,1,2,2,3,3,No,0.2934,Moderate
2442,47,Male,Married,Research & Development,Manager,Medical,3,4,12670,10K-15K,17,0,Travel_Rarely,1,No,23,2,3,2-3 yr,1,0,1,Promoted <=1yr,2,2,3,2,2,3,3,Yes,0.2711,Moderate
2443,51,Male,Married,Research & Development,Manufacturing Director,Life Sciences,3,5,17686,15K+ (High),20,0,Travel_Frequently,9,Yes,30,2,9,7-10 yr,2,5,6,Not Recently Promoted,5,3,3,4,3,3,3,No,0.4497,Moderate
2444,34,Male,Divorced,Sales,Sales Representative,Other,4,2,6651,6K-10K,12,2,Travel_Rarely,29,No,11,2,0,0-1 yr,0,0,0,Promoted <=1yr,3,3,3,2,2,2,3,No,0.5157,High
2445,41,Male,Single,Sales,Sales Representative,Other,2,4,12578,10K-15K,15,2,Travel_Rarely,4,No,19,3,6,4-6 yr,0,1,3,Promoted <=1yr,2,3,4,2,4,2,3,No,0.3194,Moderate
2446,33,Male,Married,Sales,Manager,Marketing,2,2,3829,3K-6K,16,0,Non-Travel,12,Yes,9,1,4,4-6 yr,1,4,0,Not Recently Promoted,0,3,3,1,1,3,3,No,0.6413,High
2447,45,Male,Single,Sales,Manager,Life Sciences,4,3,8297,6K-10K,17,0,Travel_Rarely,23,Yes,16,3,4,4-6 yr,4,0,0,Promoted <=1yr,2,4,3,1,2,2,3,No,0.5905,High
2448,42,Female,Married,Research & Development,Laboratory Technician,Other,4,5,11389,10K-15K,14,0,Travel_Frequently,23,Yes,21,0,6,4-6 yr,1,1,3,Promoted <=1yr,2,1,4,1,4,3,3,No,0.5068,High
2449,26,Male,Married,Research & Development,Research Scientist,Medical,2,2,4254,3K-6K,15,1,Travel_Rarely,1,No,6,6,2,2-3 yr,0,0,0,Promoted <=1yr,5,4,1,3,3,1,3,Yes,0.6246,High
2450,58,Female,Divorced,Research & Development,Research Director,Other,4,5,20000,15K+ (High),19,2,Travel_Rarely,1,Yes,37,2,2,2-3 yr,2,2,2,Not Recently Promoted,4,3,4,4,3,3,4,Yes,0.2226,Low
2451,31,Female,Single,Research & Development,Healthcare Representative,Other,3,2,4799,3K-6K,16,1,Travel_Rarely,14,Yes,11,0,1,0-1 yr,1,0,1,Promoted <=1yr,2,4,3,4,3,4,3,No,0.4838,Moderate
2452,46,Male,Single,Research & Development,Healthcare Representative,Other,2,4,12720,10K-15K,18,2,Travel_Rarely,9,Yes,23,3,12,10+ yr,3,2,1,Not Recently Promoted,3,3,4,4,2,3,3,No,0.4581,Moderate
2453,35,Male,Divorced,Sales,Sales Representative,Other,3,3,6435,6K-10K,13,0,Travel_Rarely,5,No,15,6,2,2-3 yr,2,0,0,Promoted <=1yr,0,4,2,2,2,3,3,No,0.3837,Moderate
2454,29,Male,Single,Research & Development,Laboratory Technician,Medical,4,3,4690,3K-6K,13,0,Travel_Rarely,19,No,8,2,8,7-10 yr,1,5,1,Not Recently Promoted,4,2,2,4,2,3,3,No,0.6645,High
2455,18,Male,Divorced,Human Resources,Manager,Human Resources,3,1,3192,3K-6K,12,2,Travel_Rarely,4,Yes,0,2,0,0-1 yr,0,0,0,Promoted <=1yr,3,2,2,1,2,3,3,Yes,0.8529,Critical
2456,33,Male,Single,Sales,Sales Representative,Other,1,3,7206,6K-10K,13,0,Travel_Frequently,11,No,12,4,2,2-3 yr,2,1,0,Promoted <=1yr,6,4,3,3,3,3,4,No,0.6033,High
2457,21,Male,Divorced,Sales,Sales Executive,Life Sciences,4,1,3162,3K-6K,19,3,Travel_Rarely,27,No,1,5,1,0-1 yr,1,1,1,Promoted <=1yr,1,3,3,4,2,3,3,No,0.6718,High
2458,60,Female,Single,Research & Development,Manager,Other,3,5,16498,15K+ (High),25,0,Travel_Rarely,1,No,39,2,3,2-3 yr,2,3,2,Not Recently Promoted,1,4,2,2,2,3,4,No,0.2209,Low
2459,40,Male,Divorced,Research & Development,Healthcare Representative,Technical Degree,3,4,11665,10K-15K,16,0,Travel_Rarely,4,No,19,3,0,0-1 yr,0,0,0,Promoted <=1yr,2,4,3,4,3,3,3,No,0.2578,Moderate
2460,39,Male,Divorced,Research & Development,Research Director,Technical Degree,2,3,10812,10K-15K,11,2,Travel_Rarely,6,Yes,17,3,15,10+ yr,0,2,1,Not Recently Promoted,2,3,3,3,3,4,3,No,0.3876,Moderate
2461,40,Male,Married,Research & Development,Research Director,Other,3,4,12133,10K-15K,11,2,Travel_Rarely,3,No,18,2,2,2-3 yr,0,0,1,Promoted <=1yr,5,4,3,3,1,3,3,No,0.1501,Low
2462,28,Female,Divorced,Sales,Sales Representative,Other,3,1,3109,3K-6K,19,1,Travel_Rarely,2,Yes,3,2,0,0-1 yr,0,0,0,Promoted <=1yr,3,4,3,4,4,2,4,Yes,0.677,High
2463,41,Female,Divorced,Research & Development,Laboratory Technician,Life Sciences,3,4,11184,10K-15K,14,0,Travel_Rarely,13,No,19,5,7,7-10 yr,0,3,1,Not Recently Promoted,6,4,4,2,2,3,3,No,0.2383,Low
2464,47,Female,Married,Sales,Sales Representative,Marketing,4,5,14684,10K-15K,22,0,Travel_Frequently,1,Yes,25,2,6,4-6 yr,4,2,2,Not Recently Promoted,4,2,4,3,3,2,3,No,0.5147,High
2465,37,Male,Single,Research & Development,Manager,Other,4,4,12413,10K-15K,15,1,Travel_Rarely,7,No,12,2,9,7-10 yr,4,0,0,Promoted <=1yr,1,2,3,3,3,3,3,No,0.5025,High
2466,40,Male,Married,Human Resources,Human Resources,Human Resources,3,3,5988,3K-6K,20,1,Travel_Frequently,3,No,17,1,5,4-6 yr,2,0,0,Promoted <=1yr,5,2,4,3,3,3,3,No,0.5388,High
2467,41,Female,Married,Sales,Sales Representative,Life Sciences,4,4,8787,6K-10K,15,1,Travel_Frequently,15,Yes,16,4,3,2-3 yr,1,3,0,Not Recently Promoted,3,2,2,1,4,3,3,Yes,0.7951,Critical
2468,40,Female,Married,Research & Development,Research Director,Other,3,4,15099,15K+ (High),14,0,Non-Travel,18,Yes,18,3,3,2-3 yr,2,0,2,Promoted <=1yr,3,3,2,4,2,3,3,No,0.3855,Moderate
2469,26,Female,Single,Research & Development,Research Scientist,Medical,4,1,2912,<3K (Low),11,1,Travel_Frequently,22,No,3,1,1,0-1 yr,0,1,1,Promoted <=1yr,1,4,4,2,2,2,4,No,0.5494,High
